term	meaning	reading
営業中	영업 중	えいぎょうちゅう
準備中	준비 중	じゅんびちゅう
臨時休業	임시 휴업	りんじきゅうぎょう
年中無休	연중무휴	ねんじゅうむきゅう
本日休業	오늘 휴업	ほんじつきゅうぎょう
貸切	대관, 전세	かしきり
満席	만석	まんせき
案内所	안내소	あんないじょ
総合案内	종합 안내	そうごうあんない
精算所	정산소	せいさんじょ
自動券売機	자동 발권기	じどうけんばいき
両替機	환전기	りょうがえき
有人改札	유인 개찰구	ゆうじんかいさつ
無人駅	무인역	むじんえき
乗換口	환승 통로	のりかえぐち
連絡通路	연결 통로	れんらくつうろ
中央口	중앙 출구	ちゅうおうぐち
出口専用	출구 전용	でぐちせんよう
入口専用	입구 전용	いりぐちせんよう
立入禁止	출입 금지	たちいりきんし
関係者以外立入禁止	관계자 외 출입 금지	かんけいしゃいがいたちいりきんし
通行止め	통행 금지	つうこうどめ
通り抜け禁止	통과 금지	とおりぬけきんし
進入禁止	진입 금지	しんにゅうきんし
駐輪禁止	자전거 주차 금지	ちゅうりんきんし
駐車禁止	주차 금지	ちゅうしゃきんし
駐停車禁止	주정차 금지	ちゅうていしゃきんし
路上駐車	노상 주차	ろじょうちゅうしゃ
月極駐車場	월정액 주차장	つきぎめちゅうしゃじょう
満車	만차	まんしゃ
空車	빈차, 주차 가능	くうしゃ
入庫	입차	にゅうこ
出庫	출차	しゅっこ
車止め	차량 진입 방지대	くるまどめ
時間貸し	시간제 대여	じかんがし
最大料金	최대 요금	さいだいりょうきん
前払い	선불	まえばらい
後払い	후불	あとばらい
現金のみ	현금만 가능	げんきんのみ
現金不可	현금 사용 불가	げんきんふか
電子決済	전자 결제	でんしけっさい
交通系IC	교통계 IC카드	こうつうけいアイシー
タッチ決済	터치 결제	たっちけっさい
暗証番号	비밀번호, PIN	あんしょうばんごう
免税手続き	면세 수속	めんぜいてつづき
税別	세금 별도	ぜいべつ
本体価格	세전 본체 가격	ほんたいかかく
値札	가격표	ねふだ
特価	특가	とっか
割引対象外	할인 대상 외	わりびきたいしょうがい
お買い得	알뜰한 가격, 특가	おかいどく
数量限定	수량 한정	すうりょうげんてい
期間限定	기간 한정	きかんげんてい
地域限定	지역 한정	ちいきげんてい
季節限定	계절 한정	きせつげんてい
完売	완판, 매진	かんばい
入荷未定	입고 미정	にゅうかみてい
予約受付中	예약 접수 중	よやくうけつけちゅう
整理券	정리권, 번호표	せいりけん
引換券	교환권	ひきかえけん
当日券	당일권	とうじつけん
前売券	예매권	まえうりけん
優先席	우선석	ゆうせんせき
女性専用車	여성 전용칸	じょせいせんようしゃ
弱冷房車	약냉방칸	じゃくれいぼうしゃ
乗車位置	승차 위치	じょうしゃいち
乗車口	승차구	じょうしゃぐち
降車口	하차구	こうしゃぐち
発車時刻	출발 시각	はっしゃじこく
到着時刻	도착 시각	とうちゃくじこく
始発	첫차	しはつ
途中駅	중간역	とちゅうえき
特別快速	특별 쾌속	とくべつかいそく
通勤快速	통근 쾌속	つうきんかいそく
区間快速	구간 쾌속	くかんかいそく
準急	준급행	じゅんきゅう
見合わせ	운행 보류	みあわせ
運転見合わせ	운행 중단, 보류	うんてんみあわせ
折返し運転	회차 운행	おりかえしうんてん
振替輸送	대체 수송	ふりかえゆそう
代行バス	대행 버스	だいこうバス
徐行運転	서행 운전	じょこううんてん
人身事故	인명 사고	じんしんじこ
線路内立入	선로 내 출입	せんろないたちいり
信号確認	신호 확인	しんごうかくにん
車両点検	차량 점검	しゃりょうてんけん
安全確認	안전 확인	あんぜんかくにん
ホームドア	승강장 안전문	ホームドア
足元注意	발밑 주의	あしもとちゅうい
駆け込み乗車	무리한 막판 승차	かけこみじょうしゃ
車内精算	차내 정산	しゃないせいさん
乗り越し精算	구간 초과 정산	のりこしせいさん
途中下車	도중 하차	とちゅうげしゃ
途中下車前途無効	도중 하차 시 남은 구간 무효	とちゅうげしゃぜんとむこう
途中下車不可	도중 하차 불가	とちゅうげしゃふか
回送	회송, 승객 미탑승	かいそう
団体専用	단체 전용	だんたいせんよう
臨時列車	임시 열차	りんじれっしゃ
増結	객차 증결	ぞうけつ
切り離し	객차 분리	きりはなし
前寄り	앞쪽	まえより
後ろ寄り	뒤쪽	うしろより
進行方向	진행 방향	しんこうほうこう
右側通行	우측 통행	みぎがわつうこう
左側通行	좌측 통행	ひだりがわつうこう
手荷物預かり	수하물 보관	てにもつあずかり
コインロッカー	코인 로커	コインロッカー
空きロッカー	빈 로커	あきロッカー
使用中	사용 중	しようちゅう
使用禁止	사용 금지	しようきんし
故障中	고장 중	こしょうちゅう
点検中	점검 중	てんけんちゅう
清掃中	청소 중	せいそうちゅう
非常口	비상구	ひじょうぐち
非常停止ボタン	비상 정지 버튼	ひじょうていしボタン
非常電話	비상 전화	ひじょうでんわ
避難経路	피난 경로	ひなんけいろ
避難場所	대피 장소	ひなんばしょ
避難所	대피소	ひなんじょ
消火器	소화기	しょうかき
火気厳禁	화기 엄금	かきげんきん
喫煙所	흡연소	きつえんじょ
分煙	분연, 흡연구역 분리	ぶんえん
宿泊者専用	투숙객 전용	しゅくはくしゃせんよう
宿泊者以外立入禁止	투숙객 외 출입 금지	しゅくはくしゃいがいたちいりきんし
宿泊受付	숙박 접수	しゅくはくうけつけ
当日予約	당일 예약	とうじつよやく
空室あり	빈 객실 있음	くうしつあり
空室なし	빈 객실 없음	くうしつなし
満室	만실	まんしつ
素泊まり	식사 없는 숙박	すどまり
夕食付き	석식 포함	ゆうしょくつき
二食付き	조석식 포함	にしょくつき
連泊	연박	れんぱく
延泊	숙박 연장	えんぱく
前泊	전날 숙박	ぜんぱく
後泊	일정 뒤 추가 숙박	こうはく
チェックイン前	체크인 전	チェックインまえ
チェックアウト後	체크아웃 후	チェックアウトご
最終入館	최종 입관 시간	さいしゅうにゅうかん
大浴場	대욕장	だいよくじょう
露天風呂	노천탕	ろてんぶろ
内湯	실내 온천탕	うちゆ
貸切風呂	전세탕	かしきりぶろ
家族風呂	가족탕	かぞくぶろ
客室露天風呂	객실 노천탕	きゃくしつろてんぶろ
天然温泉	천연 온천	てんねんおんせん
源泉掛け流し	원천수를 계속 흘려보내는 온천	げんせんかけながし
加水	물을 섞음	かすい
加温	가열함	かおん
循環ろ過	순환 여과	じゅんかんろか
泉質	온천 수질 종류	せんしつ
効能	효능	こうのう
入湯税	입욕세	にゅうとうぜい
入浴時間	입욕 가능 시간	にゅうよくじかん
日帰り入浴	당일 온천 이용	ひがえりにゅうよく
湯上がり処	목욕 후 휴게 공간	ゆあがりどころ
脱衣所	탈의실	だついじょ
洗い場	씻는 공간	あらいば
かけ湯	입욕 전 몸에 끼얹는 물	かけゆ
水風呂	냉탕	みずぶろ
寝湯	누워서 들어가는 탕	ねゆ
壺湯	항아리탕	つぼゆ
炭酸泉	탄산천	たんさんせん
薬湯	약탕	くすりゆ
電気風呂	전기탕	でんきぶろ
岩盤浴	암반욕	がんばんよく
高温サウナ	고온 사우나	こうおんサウナ
低温サウナ	저온 사우나	ていおんサウナ
整い処	사우나 후 휴식 공간	ととのいどころ
黙浴	조용히 입욕하기	もくよく
洗髪禁止	머리 감기 금지	せんぱつきんし
遊泳禁止	수영 금지	ゆうえいきんし
飛び込み禁止	다이빙 금지	とびこみきんし
刺青お断り	문신 입장 불가	いれずみおことわり
撮影禁止	촬영 금지	さつえいきんし
土足厳禁	신발 착용 엄금	どそくげんきん
履物を脱ぐ	신발을 벗다	はきものをぬぐ
靴箱	신발장	くつばこ
下足箱	신발장	げそくばこ
下足札	신발장 번호표	げそくふだ
館内着	시설 내 옷	かんないぎ
浴衣貸出	유카타 대여	ゆかたかしだし
タオル貸出	수건 대여	タオルかしだし
アメニティ	어메니티	アメニティ
備品	비품	びひん
客室備品	객실 비품	きゃくしつびひん
冷蔵庫内有料	냉장고 안 유료	れいぞうこないゆうりょう
製氷機	제빙기	せいひょうき
自動販売機コーナー	자판기 코너	じどうはんばいきコーナー
朝食会場	조식 장소	ちょうしょくかいじょう
夕食会場	석식 장소	ゆうしょくかいじょう
宴会場	연회장	えんかいじょう
食事処	식사 공간	しょくじどころ
部屋食	객실 식사	へやしょく
個室食	개별실 식사	こしつしょく
お品書き	메뉴 구성표, 코스 안내	おしながき
本日のおすすめ	오늘의 추천	ほんじつのおすすめ
本日の鮮魚	오늘의 생선	ほんじつのせんぎょ
本日の一品	오늘의 한 접시	ほんじつのいっぴん
季節のおすすめ	계절 추천 메뉴	きせつのおすすめ
数量限定品	수량 한정 메뉴	すうりょうげんていひん
売り切れ御免	품절 양해, 팔리면 끝	うりきれごめん
名物料理	명물 요리	めいぶつりょうり
郷土料理	향토 요리	きょうどりょうり
ご当地グルメ	지역 먹거리	ごとうちグルメ
名産品	명산품	めいさんひん
特産品	특산품	とくさんひん
旬	제철	しゅん
旬物	제철 음식	しゅんもの
地物	현지산 식재료	じもの
地魚	현지에서 잡은 생선	じざかな
近海物	근해산	きんかいもの
天然物	자연산	てんねんもの
養殖物	양식산	ようしょくもの
朝獲れ	아침에 잡은 것	あさどれ
産地直送	산지 직송	さんちちょくそう
市場直送	시장 직송	いちばちょくそう
活魚	활어	かつぎょ
鮮魚	선어, 신선한 생선	せんぎょ
刺身用	회용	さしみよう
加熱用	가열용	かねつよう
生食用	생식용	せいしょくよう
要加熱	가열 필요	ようかねつ
要冷蔵	냉장 필요	ようれいぞう
要冷凍	냉동 필요	ようれいとう
解凍品	해동 제품	かいとうひん
店内飲食	매장 내 취식	てんないいんしょく
持ち帰り可	포장 가능	もちかえりか
持ち帰り不可	포장 불가	もちかえりふか
お通し	기본 안주	おとおし
突き出し	기본 안주	つきだし
席料	자리 요금	せきりょう
サービス料	서비스 요금	サービスりょう
チャージ料	자리 차지 요금	チャージりょう
ワンドリンク制	1인 1음료 필수제	ワンドリンクせい
二品制	1인 2품 주문제	にひんせい
注文制	주문제	ちゅうもんせい
飲み放題	음료 또는 술 무한리필	のみほうだい
時間制	시간제	じかんせい
制限時間	제한 시간	せいげんじかん
ラストオーダー	마지막 주문	ラストオーダー
閉店時間	폐점 시간	へいてんじかん
立ち飲み	서서 마시는 술집	たちのみ
立ち食い	서서 먹는 음식점	たちぐい
カウンター席	카운터석	カウンターせき
テーブル席	테이블석	テーブルせき
座敷席	다다미 좌석	ざしきせき
掘りごたつ	바닥이 파인 좌식 테이블	ほりごたつ
個室あり	개별실 있음	こしつあり
半個室	반개별실	はんこしつ
禁煙席	금연석	きんえんせき
喫煙席	흡연석	きつえんせき
卓上	테이블 위	たくじょう
卓上調味料	테이블 비치 조미료	たくじょうちょうみりょう
取り皿	앞접시	とりざら
小皿	작은 접시	こざら
薬味	곁들임 향신 채소, 고명	やくみ
別添え	따로 곁들여 제공	べつぞえ
大盛り無料	곱빼기 무료	おおもりむりょう
ご飯大盛り	밥 곱빼기	ごはんおおもり
麺大盛り	면 곱빼기	めんおおもり
替え玉	면 추가	かえだま
追い飯	남은 국물 등에 추가하는 밥	おいめし
追い麺	남은 국물 등에 추가하는 면	おいめん
おかわり自由	리필 자유	おかわりじゆう
ご飯おかわり無料	밥 리필 무료	ごはんおかわりむりょう
味変	먹는 도중 양념 등으로 맛을 바꿈	あじへん
卓上コンロ	테이블 버너	たくじょうコンロ
火傷注意	화상 주의	やけどちゅうい
生ものですのでお早めに	생물이므로 빨리 드세요	なまものですのでおはやめに
先付	코스 첫 전채	さきづけ
先附	코스 첫 전채의 다른 표기	さきづけ
前菜盛り合わせ	전채 모둠	ぜんさいもりあわせ
八寸	계절 산해진미를 담은 전채 모둠	はっすん
向付	회, 사시미 요리	むこうづけ
向附	회의 다른 표기	むこうづけ
造里	사시미의 메뉴판식 표기	つくり
お造り	사시미, 회	おつくり
椀物	국물 요리	わんもの
煮物椀	건더기가 중심인 맑은 국물 요리	にものわん
吸物	맑은 국	すいもの
お吸い物	맑은 국	おすいもの
凌ぎ	코스 중간의 소량 초밥이나 면	しのぎ
鉢肴	회석 코스의 구이 요리	はちざかな
焼肴	구운 생선이나 고기 요리	やきざかな
合肴	코스 중간에 더하는 요리	あいざかな
強肴	코스에 추가로 권하는 한 접시	しいざかな
進肴	강효와 비슷한 추가 요리	すすめざかな
留肴	코스 후반의 마무리 안주	とめざかな
止肴	코스 후반의 마무리 안주	とめざかな
預け鉢	여럿이 덜어 먹는 큰 그릇 요리	あずけばち
台の物	화로 또는 받침에 올려 내는 요리	だいのもの
炊合せ	여러 재료를 따로 익혀 함께 담은 조림	たきあわせ
焚合せ	炊合せ의 다른 표기	たきあわせ
鉢物	그릇에 담아 내는 조림류	はちもの
油物	튀김류	あぶらもの
揚物	튀김 요리	あげもの
蒸物	찜 요리	むしもの
温物	따뜻한 찜이나 조림	おんぶつ
酢の物	초무침, 식초 요리	すのもの
和え物	무침 요리	あえもの
止め椀	코스 마지막에 밥과 내는 국	とめわん
留椀	止め椀의 다른 표기	とめわん
香の物	절임 반찬	こうのもの
水菓子	코스 마지막 과일이나 디저트	みずがし
水物	과일이나 디저트	みずもの
甘味	단 디저트	かんみ
口取り	작은 전채 또는 단맛 나는 곁들임	くちとり
箸休め	입가심용 작은 요리	はしやすめ
一汁三菜	국 하나와 반찬 세 가지 구성	いちじゅうさんさい
懐石料理	차와 함께 즐기는 전통 코스요리	かいせきりょうり
会席料理	술과 함께 즐기는 일본식 코스요리	かいせきりょうり
おまかせ	셰프 추천 구성	おまかせ
盛り合わせ	모둠	もりあわせ
三種盛り	3종 모둠	さんしゅもり
五種盛り	5종 모둠	ごしゅもり
舟盛り	배 모양 그릇에 담은 회 모둠	ふなもり
姿造り	생선 모양을 살려 담은 통회	すがたづくり
薄造り	얇게 썬 회	うすづくり
厚切り	두껍게 썬 것	あつぎり
ぶつ切り	큼직하게 토막 썬 것	ぶつぎり
細切り	가늘게 썬 것	ほそぎり
千切り	채 썰기	せんぎり
角切り	깍둑썰기	かくぎり
乱切り	불규칙한 큼직한 썰기	らんぎり
輪切り	둥글게 썰기	わぎり
半月切り	반달썰기	はんげつぎり
拍子木切り	막대 모양 썰기	ひょうしぎぎり
隠し包丁	익힘이나 식감을 위해 넣는 칼집	かくしぼうちょう
湯引き	끓는 물을 살짝 끼얹거나 데침	ゆびき
霜降り	표면만 뜨거운 물로 익혀 흰빛 내기	しもふり
皮霜造り	껍질에 뜨거운 물을 끼얹은 회	かわしもづくり
焼き霜造り	표면을 불로 살짝 그을린 회	やきしもづくり
炙り	불로 표면을 살짝 그을림	あぶり
直火焼き	직화구이	じかびやき
炭火焼き	숯불구이	すみびやき
網焼き	석쇠구이	あみやき
鉄板焼き	철판구이	てっぱんやき
陶板焼き	도판구이	とうばんやき
石焼き	돌구이	いしやき
浜焼き	해산물을 껍질째 굽는 해변식 구이	はまやき
串焼き	꼬치구이	くしやき
素焼き	양념 없이 굽기	すやき
塩焼き	소금구이	しおやき
照り焼き	데리야키, 단짠 양념구이	てりやき
蒲焼き	장어 등에 단짠 소스를 발라 굽는 조리	かばやき
白焼き	양념 없이 굽는 장어 등의 구이	しらやき
西京焼き	서경된장에 재워 굽는 요리	さいきょうやき
西京漬け	서경된장에 재운 것	さいきょうづけ
幽庵焼き	간장·술·미림·감귤에 재워 굽는 요리	ゆうあんやき
柚庵焼き	幽庵焼き의 다른 표기	ゆうあんやき
味噌漬け焼き	된장에 재웠다가 굽는 요리	みそづけやき
粕漬け焼き	술지게미에 재웠다가 굽는 요리	かすづけやき
麹漬け	누룩에 재운 것	こうじづけ
塩麹漬け	소금 누룩에 재운 것	しおこうじづけ
一夜干し	하룻밤 말린 생선	いちやぼし
干物	말린 생선	ひもの
丸干し	통째로 말린 것	まるぼし
開き	배를 갈라 펼쳐 말리거나 구운 생선	ひらき
煮付け	간장 양념 조림	につけ
煮込み	푹 끓여 익힌 요리	にこみ
煮浸し	익힌 재료를 양념 국물에 담가 맛들인 요리	にびたし
揚げ浸し	튀긴 재료를 양념 국물에 담근 요리	あげびたし
含め煮	국물을 충분히 배게 천천히 조린 요리	ふくめに
旨煮	달고 진하게 조린 요리	うまに
甘露煮	달고 윤기 나게 푹 조린 요리	かんろに
時雨煮	생강을 넣고 간장으로 진하게 조린 요리	しぐれに
治部煮	전분 묻힌 고기나 생선을 채소와 조린 가나자와 요리	じぶに
土手煮	된장으로 내장 등을 푹 조린 요리	どてに
おろし煮	갈은 무를 넣은 조림	おろしに
みぞれ煮	갈은 무가 눈발처럼 보이는 조림	みぞれに
兜煮	생선 머리를 조린 요리	かぶとに
あら煮	생선 뼈와 머리 주변을 조린 요리	あらに
骨蒸し	생선 뼈 붙은 부위를 술찜한 요리	ほねむし
酒蒸し	술찜	さかむし
蒸し焼き	찜구이	むしやき
せいろ蒸し	찜통 찜	せいろむし
茶碗蒸し	계란찜	ちゃわんむし
土瓶蒸し	도빈 주전자에 담아 찐 맑은 국 요리	どびんむし
包み焼き	재료를 싸서 굽는 요리	つつみやき
ホイル焼き	포일구이	ホイルやき
唐揚げ	가라아게, 양념한 재료를 튀긴 요리	からあげ
竜田揚げ	간장 양념 후 전분을 묻혀 튀긴 요리	たつたあげ
素揚げ	튀김옷 없이 그대로 튀김	すあげ
磯辺揚げ	김이나 파래를 넣은 튀김	いそべあげ
かき揚げ	잘게 썬 여러 재료를 뭉쳐 튀긴 것	かきあげ
揚げ出し	튀긴 재료에 따뜻한 국물을 부은 요리	あげだし
揚げ出し豆腐	튀긴 두부에 국물을 부은 요리	あげだしどうふ
南蛮漬け	튀긴 생선 등을 새콤달콤한 식초 양념에 절인 것	なんばんづけ
酢漬け	식초 절임	すづけ
酢締め	생선을 식초로 절여 마무리함	すじめ
昆布締め	다시마 사이에 재료를 넣어 숙성함	こぶじめ
昆布〆	昆布締め의 메뉴판 표기	こぶじめ
漬け	간장 등 양념에 재움	づけ
味噌和え	된장 무침	みそあえ
酢味噌和え	초된장 무침	すみそあえ
白和え	두부와 참깨 등으로 무친 요리	しらあえ
胡麻和え	참깨 무침	ごまあえ
辛子和え	겨자 무침	からしあえ
梅肉和え	매실 과육 무침	ばいにくあえ
ぬた	파나 해산물을 초된장에 무친 요리	ぬた
なます	채소나 생선을 식초로 무친 요리	なます
おろし和え	갈은 무로 무친 요리	おろしあえ
たたき	겉을 살짝 익히거나 재료를 두드려 만든 요리	たたき
なめろう	생선살을 된장·파 등과 다져 만든 요리	なめろう
さんが焼き	나메로를 구운 지바 향토요리	さんがやき
つみれ	다진 생선살 완자	つみれ
つくね	다진 고기나 생선 완자	つくね
練り物	생선살 등을 갈아 만든 가공식품	ねりもの
すり身	갈아 으깬 생선살	すりみ
蒲鉾	어묵류 가마보코	かまぼこ
竹輪	치쿠와 어묵	ちくわ
薩摩揚げ	사쓰마아게 어묵튀김	さつまあげ
はんぺん	부드러운 흰 어묵	はんぺん
ちぎり揚げ	어묵 반죽을 떼어 튀긴 것	ちぎりあげ
酒肴	술안주	しゅこう
酒盗	가다랑어 내장을 소금에 절인 진미	しゅとう
塩辛	해산물 내장 젓갈	しおから
烏賊の塩辛	오징어 젓갈	いかのしおから
このわた	해삼 내장 젓갈	このわた
くちこ	해삼 난소를 말린 진미	くちこ
からすみ	숭어 알을 소금에 절여 말린 진미	からすみ
へしこ	고등어 등을 소금과 쌀겨에 절인 발효식품	へしこ
鯖へしこ	고등어 헤시코	さばへしこ
鮒寿司	붕어를 발효시킨 시가 향토 초밥	ふなずし
飯寿司	생선과 쌀·누룩을 발효한 북일본 음식	いずし
いぶりがっこ	훈연한 무 절임	いぶりがっこ
鮪	참치	まぐろ
本鮪	참다랑어	ほんまぐろ
黒鮪	참다랑어의 다른 이름	くろまぐろ
南鮪	남방참다랑어	みなみまぐろ
目鉢鮪	눈다랑어	めばちまぐろ
黄肌鮪	황다랑어	きはだまぐろ
鬢長鮪	날개다랑어	びんながまぐろ
鮪赤身	참치 붉은살	まぐろあかみ
中トロ	중뱃살 참치	ちゅうトロ
大トロ	대뱃살 참치	おおトロ
中落ち	참치 뼈 주변을 긁어낸 살	なかおち
ねぎとろ	다진 참치살과 파	ねぎとろ
頬肉	볼살	ほほにく
脳天	참치 머리 윗부분의 희귀 부위	のうてん
カマ	생선 아가미 뒤쪽 목살 부위	カマ
カマトロ	참치 목 부위의 지방 많은 살	カマトロ
尾の身	참치 꼬리 쪽 살	おのみ
鰤	방어	ぶり
寒鰤	겨울철 방어	かんぶり
鰤トロ	방어 뱃살	ぶりトロ
魬	어린 방어, 하마치	はまち
若魚	어린 물고기	わかうお
勘八	잿방어	かんぱち
平政	부시리	ひらまさ
鯵	전갱이	あじ
真鯵	참전갱이	まあじ
縞鯵	줄무늬전갱이	しまあじ
鯖	고등어	さば
真鯖	참고등어	まさば
胡麻鯖	망치고등어	ごまさば
〆鯖	초절임 고등어	しめさば
鰯	정어리	いわし
真鰯	정어리	まいわし
片口鰯	멸치류, 일본멸치	かたくちいわし
潤目鰯	눈큰정어리	うるめいわし
鰹	가다랑어	かつお
初鰹	초여름 첫 가다랑어	はつがつお
戻り鰹	가을에 돌아오는 기름진 가다랑어	もどりがつお
鰹のたたき	겉만 그을린 가다랑어	かつおのたたき
鯛	도미류	たい
真鯛	참돔	まだい
金目鯛	금눈돔	きんめだい
甘鯛	옥돔류	あまだい
赤甘鯛	붉은 옥돔	あかあまだい
黄甘鯛	노랑 옥돔	きあまだい
白甘鯛	흰 옥돔	しろあまだい
黒鯛	감성돔	くろだい
石鯛	돌돔	いしだい
石垣鯛	강담돔	いしがきだい
連子鯛	황돔류	れんこだい
血鯛	황돔류, 치다이	ちだい
糸縒鯛	실꼬리돔류	いとよりだい
鱸	농어	すずき
平目	넙치, 광어	ひらめ
鰈	가자미	かれい
真鰈	참가자미류	まがれい
笹鰈	서대류	ささがれい
柳鰈	가자미류, 야나기무시가레이	やなぎがれい
赤鰈	붉은가자미	あかがれい
鰆	삼치	さわら
鱚	보리멸	きす
鱧	갯장어	はも
穴子	붕장어	あなご
鰻	민물장어	うなぎ
白魚	뱅어류	しらうお
素魚	실치류, 시로우오	しろうお
公魚	빙어	わかさぎ
鮎	은어	あゆ
岩魚	곤들매기류	いわな
山女魚	산천어류	やまめ
虹鱒	무지개송어	にじます
鮭	연어	さけ
秋鮭	가을 연어	あきざけ
時鮭	제철 전 이른 시기의 연어	ときしらず
時不知	時鮭의 표기	ときしらず
銀鮭	은연어	ぎんざけ
紅鮭	홍연어	べにざけ
桜鱒	벚꽃송어, 사쿠라마스	さくらます
鱒	송어류	ます
鱈	대구	たら
真鱈	대구	まだら
助宗鱈	명태류	すけそうだら
介党鱈	助宗鱈의 표기	すけそうだら
白子	생선 이리, 주로 대구 정소	しらこ
真子	생선 알집, 암컷의 알	まこ
鱈子	명란	たらこ
明太子	명란젓	めんたいこ
鰊	청어	にしん
数の子	청어알	かずのこ
子持ち昆布	청어알이 붙은 다시마	こもちこんぶ
秋刀魚	꽁치	さんま
飛魚	날치	とびうお
飛び魚	날치	とびうお
鯔	숭어	ぼら
鯒	양태류	こち
真鯒	양태	まごち
魴鮄	성대	ほうぼう
喉黒	눈볼대	のどぐろ
赤鯥	눈볼대의 표준명	あかむつ
黒鯥	검은 눈볼대류	くろむつ
鯥	무츠류 심해어	むつ
金華鯖	미야기 브랜드 고등어	きんかさば
関鯖	오이타 브랜드 고등어	せきさば
関鯵	오이타 브랜드 전갱이	せきあじ
鰤大根	방어와 무 조림	ぶりだいこん
銀鱈	은대구	ぎんだら
銀鱈西京焼き	은대구 서경된장구이	ぎんだらさいきょうやき
鰻重	장어덮밥 도시락식 구성	うなじゅう
鰻丼	장어덮밥	うなどん
ひつまぶし	잘게 썬 장어덮밥을 여러 방식으로 먹는 나고야 요리	ひつまぶし
肝吸い	장어 간을 넣은 맑은 국	きもすい
肝焼き	장어 간 꼬치구이	きもやき
骨せんべい	생선 뼈를 바삭하게 튀긴 것	ほねせんべい
鯨	고래고기	くじら
鯨ベーコン	고래 베이컨	くじらベーコン
鯨竜田揚げ	고래고기 다쓰타아게	くじらたつたあげ
馬面剥	쥐치류	うまづらはぎ
皮剥	쥐치	かわはぎ
肝和え	간을 으깨 섞은 무침	きもあえ
鮟鱇	아귀	あんこう
鮟肝	아귀간	あんきも
鮟鱇鍋	아귀전골	あんこうなべ
どぶ汁	아귀 간을 풀어 끓이는 이바라키 향토전골	どぶじる
河豚	복어	ふぐ
虎河豚	자주복	とらふぐ
河豚刺し	복어회	ふぐさし
てっさ	복어회의 별칭	てっさ
てっちり	복어전골	てっちり
河豚皮	복어 껍질	ふぐかわ
河豚皮ポン酢	복어껍질 폰즈무침	ふぐかわポンず
白子焼き	이리 구이	しらこやき
白子ポン酢	이리 폰즈	しらこポンず
鮫	상어	さめ
鮫の酢味噌和え	상어 초된장무침	さめのすみそあえ
鮫軟骨	상어 연골	さめなんこつ
梅水晶	상어 연골을 매실과 무친 진미	うめすいしょう
マンボウ	개복치	マンボウ
マンボウの腸	개복치 창자	マンボウのちょう
太刀魚	갈치	たちうお
鱵	학공치	さより
細魚	학공치의 표기	さより
鱒の介	왕연어	ますのすけ
石持	보구치류	いしもち
目光	메히카리, 청색꼬리도마뱀고기류	めひかり
吉次	반딧불게르치류 고급어	きちじ
喜知次	吉次의 표기	きちじ
きんき	吉次의 홋카이도권 명칭	きんき
八角	도치류 생선, 핫카쿠	はっかく
八角軍艦焼き	핫카쿠를 된장과 함께 구운 요리	はっかくぐんかんやき
柳葉魚	시샤모	ししゃも
本柳葉魚	진짜 시샤모	ほんししゃも
樺太柳葉魚	열빙어, 카펠린	からふとししゃも
氷下魚	코마이, 대구과 생선	こまい
鰰	도루묵	はたはた
鰰寿司	도루묵 발효초밥	はたはたずし
鱒子	송어알	ますこ
筋子	연어알을 난소막째 절인 것	すじこ
とびこ	날치알	とびこ
海胆	성게알	うに
雲丹	성게알의 고급 메뉴 표기	うに
生雲丹	생성게알	なまうに
塩水雲丹	소금물에 담아 유통한 성게알	えんすいうに
箱雲丹	상자에 가지런히 담은 성게알	はこうに
馬糞雲丹	말똥성게	ばふんうに
紫雲丹	보라성게	むらさきうに
烏賊	오징어	いか
槍烏賊	창오징어	やりいか
剣先烏賊	한치류, 켄사키이카	けんさきいか
障泥烏賊	흰오징어류, 아오리이카	あおりいか
赤烏賊	붉은오징어류	あかいか
蛍烏賊	꼴뚜기류, 반딧불오징어	ほたるいか
烏賊素麺	오징어를 가늘게 썬 회	いかそうめん
沖漬け	오징어 등을 잡은 즉시 간장 양념에 절인 것	おきづけ
蛸	문어	たこ
真蛸	참문어	まだこ
水蛸	대왕문어류	みずだこ
飯蛸	주꾸미류	いいだこ
蛸ぶつ	문어 큼직썰기	たこぶつ
蛸わさ	문어와 와사비 절임	たこわさ
海老	새우	えび
甘海老	단새우	あまえび
牡丹海老	보탄새우	ぼたんえび
車海老	보리새우	くるまえび
伊勢海老	닭새우, 이세에비	いせえび
赤海老	붉은새우	あかえび
白海老	흰새우	しろえび
桜海老	벚꽃새우	さくらえび
芝海老	중하류 새우	しばえび
鬼海老	홋카이도권 희귀 새우	おにえび
蟹	게	かに
毛蟹	털게	けがに
ずわい蟹	대게	ずわいがに
本ずわい蟹	대게	ほんずわいがに
紅ずわい蟹	홍게	べにずわいがに
たらば蟹	왕게	たらばがに
花咲蟹	하나사키게	はなさきがに
松葉蟹	산인 지방의 수컷 대게	まつばがに
越前蟹	후쿠이의 수컷 대게	えちぜんがに
香箱蟹	호쿠리쿠의 암컷 대게	こうばこがに
勢子蟹	산인 지방의 암컷 대게	せこがに
蟹味噌	게 내장	かにみそ
甲羅焼き	게딱지 등에 재료를 담아 구운 요리	こうらやき
蟹爪	게 집게살	かにつめ
貝類	패류	かいるい
鮑	전복	あわび
床伏	작은 전복류, 도코부시	とこぶし
栄螺	소라	さざえ
つぶ貝	골뱅이류	つぶがい
北寄貝	북방대합류	ほっきがい
帆立	가리비	ほたて
帆立貝柱	가리비 관자	ほたてかいばしら
貝柱	관자	かいばしら
赤貝	피조개	あかがい
鳥貝	새조개	とりがい
平貝	키조개류	たいらぎ
平貝貝柱	키조개 관자	たいらぎかいばしら
蛤	대합	はまぐり
浅蜊	바지락	あさり
蜆	재첩	しじみ
牡蠣	굴	かき
岩牡蠣	바위굴	いわがき
真牡蠣	참굴	まがき
生牡蠣	생굴	なまがき
蒸し牡蠣	찐 굴	むしがき
焼き牡蠣	구운 굴	やきがき
牡蠣フライ	굴튀김	かきフライ
牡蠣土手鍋	된장으로 끓이는 굴전골	かきどてなべ
磯つぶ	작은 고둥류	いそつぶ
姫さざえ	작은 소라류	ひめさざえ
ながらみ	작은 고둥류	ながらみ
亀の手	거북손	かめのて
藤壺	따개비	ふじつぼ
海鞘	멍게	ほや
真海鞘	참멍게	まぼや
海鼠	해삼	なまこ
海鼠酢	해삼 초무침	なまこす
このこ	해삼 난소를 소금에 절인 진미	このこ
海月	해파리	くらげ
海ぶどう	바다포도	うみぶどう
もずく	큰실말, 모즈쿠 해조류	もずく
もずく酢	모즈쿠 초무침	もずくす
めかぶ	미역귀	めかぶ
茎わかめ	미역 줄기	くきわかめ
青海苔	파래김	あおのり
岩海苔	돌김	いわのり
焼海苔	구운 김	やきのり
刻み海苔	잘게 썬 김	きざみのり
昆布	다시마	こんぶ
利尻昆布	리시리 다시마	りしりこんぶ
羅臼昆布	라우스 다시마	らうすこんぶ
真昆布	참다시마	まこんぶ
日高昆布	히다카 다시마	ひだかこんぶ
とろろ昆布	얇게 깎은 다시마	とろろこんぶ
おぼろ昆布	넓고 얇게 깎은 다시마	おぼろこんぶ
若布	미역	わかめ
芽ひじき	히지키 잎 부분	めひじき
長ひじき	히지키 줄기 부분	ながひじき
あかもく	아카모쿠 해조류	あかもく
ぎばさ	아카모쿠의 도호쿠식 명칭	ぎばさ
若鶏	어린 닭고기	わかどり
地鶏	토종 브랜드 닭	じどり
親鶏	성계, 오래 키운 닭	おやどり
もも肉	다리살	ももにく
むね肉	가슴살	むねにく
ささみ	닭안심	ささみ
手羽先	닭날개 끝부분	てばさき
手羽元	닭날개 윗부분	てばもと
手羽中	닭날개 중간부분	てばなか
せせり	닭 목살	せせり
ぼんじり	닭 꼬리살	ぼんじり
砂肝	닭똥집	すなぎも
ハツ	염통	ハツ
鶏皮	닭껍질	とりかわ
軟骨	연골	なんこつ
やげん軟骨	닭 가슴뼈 연골	やげんなんこつ
膝軟骨	닭 무릎 연골	ひざなんこつ
つくね串	닭완자 꼬치	つくねぐし
ねぎま	닭고기와 파를 번갈아 꽂은 꼬치	ねぎま
皮串	닭껍질 꼬치	かわぐし
豚	돼지고기	ぶた
豚バラ	돼지 삼겹살	ぶたバラ
豚肩ロース	돼지 목심·어깨등심	ぶたかたロース
豚ロース	돼지 등심	ぶたロース
豚トロ	돼지 항정살	ぶたトロ
豚足	돼지족	とんそく
豚タン	돼지 혀	ぶたタン
豚ハラミ	돼지 횡격막살	ぶたハラミ
角煮	돼지고기 간장 조림	かくに
チャーシュー	중화식 구운 또는 조린 돼지고기	チャーシュー
煮豚	간장 등에 조린 돼지고기	にぶた
和牛	와규	わぎゅう
国産牛	일본 국내산 소	こくさんぎゅう
黒毛和牛	흑모와규	くろげわぎゅう
霜降り肉	마블링 많은 고기	しもふりにく
赤身肉	지방 적은 붉은살 고기	あかみにく
牛タン	우설	ぎゅうタン
厚切り牛タン	두껍게 썬 우설	あつぎりぎゅうタン
カルビ	갈비살	カルビ
上カルビ	상급 갈비살	じょうカルビ
特上カルビ	특상 갈비살	とくじょうカルビ
ロース	등심계 부위	ロース
上ロース	상급 등심	じょうロース
ハラミ	횡격막살	ハラミ
サガリ	횡격막 아래쪽 부위	サガリ
ミスジ	부채살	ミスジ
イチボ	우둔 끝 희귀부위	イチボ
ランプ	우둔살	ランプ
ザブトン	어깨등심 안쪽 희귀부위	ザブトン
カイノミ	갈비 안쪽 안심 인접 부위	カイノミ
トモサンカク	우둔 안쪽 삼각형 희귀부위	トモサンカク
シンシン	우둔 안쪽 희귀부위	シンシン
マルシン	シンシン의 다른 명칭	マルシン
ヒレ	안심	ヒレ
シャトーブリアン	안심 중앙 최상급 부위	シャトーブリアン
サーロイン	채끝등심	サーロイン
リブロース	꽃등심	リブロース
ホルモン	내장류 구이	ホルモン
もつ	내장	もつ
もつ煮	내장 조림	もつに
もつ鍋	곱창전골	もつなべ
シマチョウ	소 대창	シマチョウ
マルチョウ	소 소장	マルチョウ
コプチャン	소 소장	コプチャン
ミノ	소 첫 번째 위	ミノ
上ミノ	상급 소 첫 번째 위	じょうミノ
ハチノス	소 두 번째 위	ハチノス
センマイ	소 세 번째 위	センマイ
ギアラ	소 네 번째 위	ギアラ
赤センマイ	소 네 번째 위의 별칭	あかセンマイ
テッチャン	대창	テッチャン
コリコリ	소 대동맥 부위	コリコリ
ハツモト	심장 근처 혈관 부위	ハツモト
ウルテ	소 기관 연골	ウルテ
シビレ	흉선 또는 췌장 부위	シビレ
ツラミ	소 볼살	ツラミ
カシラ	돼지 관자·볼 부위	カシラ
ガツ	돼지 위	ガツ
コブクロ	돼지 자궁	コブクロ
テッポウ	돼지 직장	テッポウ
チレ	비장	チレ
アカセン	소 네 번째 위	アカセン
焼肉盛り合わせ	야키니쿠 모둠	やきにくもりあわせ
ホルモン盛り合わせ	내장 모둠	ホルモンもりあわせ
馬肉	말고기	ばにく
馬刺し	말고기 육회식 회	ばさし
霜降り馬刺し	마블링 있는 말고기 회	しもふりばさし
たてがみ	말 갈기 아래 지방 부위	たてがみ
こうね	말 갈기 아래 지방 부위의 별칭	こうね
桜肉	말고기의 별칭	さくらにく
鹿肉	사슴고기	しかにく
猪肉	멧돼지고기	ししにく
牡丹鍋	멧돼지고기 전골	ぼたんなべ
鴨肉	오리고기	かもにく
合鴨	교잡 오리	あいがも
鴨ロース	오리 등심 요리	かもロース
羊肉	양고기	ようにく
ラム	어린 양고기	ラム
マトン	성숙한 양고기	マトン
ジンギスカン	홋카이도식 양고기 구이	ジンギスカン
味付けジンギスカン	양념 징기스칸	あじつけジンギスカン
生ラム	냉동하지 않은 생 양고기	なまラム
蝦夷鹿	홋카이도 에조사슴	えぞしか
熊肉	곰고기	くまにく
ジビエ	야생 조수 고기	ジビエ
蕗	머위	ふき
蕗の薹	머위 꽃봉오리	ふきのとう
蕨	고사리	わらび
薇	고비	ぜんまい
独活	두릅나무과 산나물 우도	うど
薊	엉겅퀴	あざみ
行者大蒜	산마늘류	ぎょうじゃにんにく
こごみ	고비류 어린순	こごみ
たらの芽	두릅순	たらのめ
木の芽	산초나무 어린잎	きのめ
三つ葉	참나물 비슷한 향채	みつば
芹	미나리	せり
茗荷	양하	みょうが
大葉	깻잎처럼 쓰는 차조기 잎	おおば
紫蘇	차조기	しそ
青紫蘇	청차조기	あおじそ
赤紫蘇	적차조기	あかじそ
山葵	고추냉이	わさび
本山葵	생고추냉이	ほんわさび
山葵菜	고추냉이채	わさびな
葉山葵	고추냉이 잎	はわさび
根三つ葉	뿌리째 기른 미쓰바	ねみつば
九条葱	교토 특산 파	くじょうねぎ
下仁田葱	군마 특산 굵은 파	しもにたねぎ
万願寺唐辛子	교토의 맵지 않은 고추	まんがんじとうがらし
伏見唐辛子	교토 전통 고추	ふしみとうがらし
獅子唐	꽈리고추류	ししとう
青唐辛子	풋고추	あおとうがらし
赤唐辛子	붉은 고추	あかとうがらし
一味唐辛子	고춧가루 단일 향신료	いちみとうがらし
七味唐辛子	일곱 향신료 혼합 고춧가루	しちみとうがらし
柚子胡椒	유자와 풋고추로 만든 조미료	ゆずこしょう
柚子皮	유자 껍질	ゆずかわ
すだち	스다치 감귤	すだち
かぼす	가보스 감귤	かぼす
橙	다이다이 감귤	だいだい
山椒	산초	さんしょう
粉山椒	산초가루	こなざんしょう
実山椒	산초 열매	みざんしょう
花山椒	산초 꽃	はなざんしょう
生姜	생강	しょうが
紅生姜	붉은 초생강	べにしょうが
甘酢生姜	초밥집 초생강	あまずしょうが
がり	초밥집 초생강	がり
大蒜	마늘	にんにく
新生姜	햇생강	しんしょうが
蓮根	연근	れんこん
牛蒡	우엉	ごぼう
里芋	토란	さといも
海老芋	교토계 새우 모양 토란	えびいも
長芋	긴마	ながいも
大和芋	점성이 강한 마 품종	やまといも
自然薯	자연산 참마	じねんじょ
とろろ	갈아 만든 마	とろろ
零余子	마 줄기에 맺히는 주아	むかご
慈姑	쇠귀나물 덩이줄기, 쿠와이	くわい
百合根	백합 뿌리	ゆりね
筍	죽순	たけのこ
姫竹	작은 죽순류	ひめたけ
根曲がり竹	산죽 죽순	ねまがりだけ
冬瓜	동아	とうがん
南瓜	호박	かぼちゃ
加賀蓮根	가나자와 특산 연근	かがれんこん
賀茂茄子	교토 전통 둥근 가지	かもなす
水茄子	오사카 특산 물 많은 가지	みずなす
聖護院大根	교토의 둥근 무	しょうごいんだいこん
守口大根	매우 긴 무 품종	もりぐちだいこん
京野菜	교토 전통 채소	きょうやさい
加賀野菜	가나자와 전통 채소	かがやさい
茸	버섯류	きのこ
松茸	송이버섯	まつたけ
舞茸	잎새버섯	まいたけ
椎茸	표고버섯	しいたけ
占地	시메지버섯	しめじ
榎茸	팽이버섯	えのきだけ
滑子	나메코버섯	なめこ
木耳	목이버섯	きくらげ
平茸	느타리버섯	ひらたけ
山伏茸	노루궁뎅이버섯	やまぶしたけ
本占地	혼시메지	ほんしめじ
落葉きのこ	홋카이도에서 먹는 낙엽송버섯류	らくようきのこ
炊き込みご飯	재료를 함께 넣어 지은 양념밥	たきこみごはん
混ぜご飯	지은 밥에 재료를 섞은 밥	まぜごはん
釜飯	솥밥	かまめし
土鍋ご飯	뚝배기식 냄비밥	どなべごはん
鯛めし	도미밥	たいめし
蛸飯	문어밥	たこめし
深川めし	바지락을 넣은 도쿄 향토밥	ふかがわめし
とりめし	닭고기 양념밥	とりめし
かしわ飯	규슈식 닭고기 양념밥	かしわめし
鶏飯	닭육수를 부어 먹는 아마미 향토밥	けいはん
茶漬け	차나 육수를 부어 먹는 밥	ちゃづけ
出汁茶漬け	육수를 부어 먹는 오차즈케	だしちゃづけ
焼きおにぎり	구운 주먹밥	やきおにぎり
天むす	새우튀김 주먹밥	てんむす
五平餅	밥을 으깨 꼬치에 붙여 구운 향토음식	ごへいもち
きりたんぽ	밥을 으깨 막대에 붙여 구운 아키타 음식	きりたんぽ
きりたんぽ鍋	기리탄포 전골	きりたんぽなべ
ほうとう	굵은 면과 채소를 된장국에 끓인 야마나시 요리	ほうとう
稲庭うどん	아키타의 가는 우동	いなにわうどん
讃岐うどん	가가와식 사누키 우동	さぬきうどん
伊勢うどん	굵고 부드러운 면에 진한 장을 비비는 미에 우동	いせうどん
きしめん	나고야식 납작 우동	きしめん
ひもかわうどん	군마식 매우 넓적한 우동	ひもかわうどん
五島うどん	나가사키 고토열도 우동	ごとううどん
氷見うどん	도야마 히미 우동	ひみうどん
瓦そば	기와 위에 차소바와 고명을 올린 야마구치 요리	かわらそば
茶そば	녹차를 넣은 소바	ちゃそば
へぎそば	해조류를 연결제로 쓰는 니가타 소바	へぎそば
わんこそば	작은 그릇에 계속 리필하는 이와테 소바	わんこそば
出石そば	작은 접시에 나오는 효고 이즈시 소바	いずしそば
割子そば	둥근 찬합에 담는 시마네 소바	わりごそば
十割そば	메밀가루 100% 소바	じゅうわりそば
二八そば	메밀 8 밀가루 2 비율의 소바	にはちそば
田舎そば	껍질 성분까지 써 색이 진하고 굵은 소바	いなかそば
せいろ	채반에 담아 내는 차가운 소바	せいろ
ざるそば	김 고명을 올린 차가운 소바	ざるそば
もりそば	김 없이 내는 차가운 소바	もりそば
かけそば	따뜻한 국물 소바	かけそば
鴨南蛮	오리고기와 파를 넣은 따뜻한 소바	かもなんばん
鴨せいろ	차가운 소바를 따뜻한 오리 육수에 찍어 먹는 요리	かもせいろ
にしんそば	청어 조림을 올린 소바	にしんそば
とろろそば	간 마를 올린 소바	とろろそば
辛味大根	소바와 곁들이는 매운 무	からみだいこん
つけ麺	면을 별도 국물에 찍어 먹는 라멘	つけめん
油そば	국물 없이 양념과 비벼 먹는 라멘	あぶらそば
まぜそば	국물 없이 비벼 먹는 면	まぜそば
台湾まぜそば	매콤한 다진고기를 올린 나고야식 비빔면	たいわんまぜそば
担々麺	탄탄멘	たんたんめん
汁なし担々麺	국물 없는 탄탄멘	しるなしたんたんめん
中華そば	일본식 중화면 라멘	ちゅうかそば
支那そば	옛 표현의 중화면 라멘	しなそば
家系ラーメン	요코하마계 진한 돈코츠 간장 라멘	いえけいラーメン
二郎系	양 많고 마늘·기름이 강한 라멘 계열	じろうけい
背脂	돼지 등지방	せあぶら
背脂増し	등지방 추가	せあぶらまし
脂多め	기름 많이	あぶらおおめ
麺固め	면 단단하게	めんかため
味濃いめ	간 진하게	あじこいめ
つゆだく	덮밥 국물을 많이	つゆだく
ねぎだく	파를 많이	ねぎだく
汁だく	국물 많이	しるだく
温玉	반숙 온천달걀	おんたま
温泉卵	온천달걀	おんせんたまご
生卵	날달걀	なまたまご
半熟卵	반숙달걀	はんじゅくたまご
味玉	양념 반숙달걀	あじたま
煮卵	양념에 조린 달걀	にたまご
親子丼	닭고기와 달걀 덮밥	おやこどん
他人丼	닭 외 고기와 달걀 덮밥	たにんどん
木の葉丼	어묵과 달걀을 얹은 간사이식 덮밥	このはどん
衣笠丼	유부와 파를 달걀로 익힌 교토 덮밥	きぬがさどん
ソースカツ丼	소스 돈가스 덮밥	ソースカツどん
タレカツ丼	간장 소스를 적신 얇은 돈가스 덮밥	タレカツどん
海鮮丼	해산물 덮밥	かいせんどん
鉄火丼	참치회 덮밥	てっかどん
ねぎとろ丼	다진 참치와 파 덮밥	ねぎとろどん
うに丼	성게알 덮밥	うにどん
いくら丼	연어알 덮밥	いくらどん
三色丼	세 가지 재료를 올린 덮밥	さんしょくどん
勝手丼	원하는 해산물을 골라 올리는 홋카이도식 덮밥	かってどん
漬け丼	간장에 재운 생선회 덮밥	づけどん
瓶ビール	병맥주	びんビール
中瓶	중간 크기 병	ちゅうびん
大瓶	큰 병	おおびん
小瓶	작은 병	こびん
中ジョッキ	중간 사이즈 맥주잔	ちゅうジョッキ
大ジョッキ	큰 맥주잔	だいジョッキ
小ジョッキ	작은 맥주잔	しょうジョッキ
発泡酒	저맥아 발포주	はっぽうしゅ
第三のビール	맥아 비율이 낮은 제3맥주류	だいさんのビール
ノンアルコール	무알코올	ノンアルコール
微アルコール	저알코올	びアルコール
酎ハイ	소주 베이스 탄산주	チューハイ
サワー	과즙 등을 섞은 탄산 소주 칵테일	サワー
レモンサワー	레몬 사와	レモンサワー
生搾り	생과일을 직접 짜 넣음	なましぼり
生搾りレモンサワー	생레몬 사와	なましぼりレモンサワー
ハイボール	위스키 탄산주	ハイボール
角ハイボール	산토리 가쿠 위스키 하이볼	かくハイボール
濃いめ	진하게	こいめ
薄め	연하게	うすめ
水割り	물에 타 마심	みずわり
お湯割り	뜨거운 물에 타 마심	おゆわり
ソーダ割り	탄산수에 타 마심	ソーダわり
ロック	얼음만 넣어 마심	ロック
梅酒	매실주	うめしゅ
果実酒	과실주	かじつしゅ
杏露酒	살구 리큐르	しんるちゅう
清酒	청주	せいしゅ
地酒	지역 술	じざけ
冷酒	차갑게 마시는 일본주	れいしゅ
燗酒	데운 일본주	かんざけ
熱燗	뜨겁게 데운 일본주	あつかん
ぬる燗	미지근하게 데운 일본주	ぬるかん
常温	상온	じょうおん
冷や	상온의 일본주	ひや
一合	약 180mL 한 홉	いちごう
二合	약 360mL 두 홉	にごう
徳利	일본주 술병	とっくり
お猪口	작은 일본주 잔	おちょこ
ぐい呑み	조금 큰 일본주 잔	ぐいのみ
升	사각형 일본주 잔	ます
純米酒	쌀과 누룩만으로 빚은 일본주	じゅんまいしゅ
本醸造	양조알코올을 소량 첨가한 일본주	ほんじょうぞう
吟醸	긴조 방식으로 빚은 일본주	ぎんじょう
大吟醸	더 높은 정미율 기준의 긴조주	だいぎんじょう
純米吟醸	순미 긴조주	じゅんまいぎんじょう
純米大吟醸	순미 다이긴조주	じゅんまいだいぎんじょう
特別純米	특별 순미주	とくべつじゅんまい
生酒	가열 살균하지 않은 일본주	なまざけ
生貯蔵酒	저장 전 비가열, 출하 전 1회 가열한 술	なまちょぞうしゅ
原酒	가수하지 않은 일본주	げんしゅ
無濾過	여과를 최소화하거나 하지 않은 술	むろか
無濾過生原酒	무여과 생원주	むろかなまげんしゅ
にごり酒	탁한 일본주	にごりざけ
発泡清酒	탄산감 있는 일본주	はっぽうせいしゅ
古酒	숙성 일본주	こしゅ
新酒	햇술	しんしゅ
ひやおろし	여름 숙성 후 가을에 내는 일본주	ひやおろし
しぼりたて	갓 짜낸 신선한 일본주	しぼりたて
荒走り	술을 짤 때 처음 자연스럽게 흐른 부분	あらばしり
中取り	술을 짤 때 가운데 좋은 부분	なかどり
責め	압력을 더해 마지막으로 짜낸 부분	せめ
精米歩合	도정 후 남은 쌀 비율	せいまいぶあい
日本酒度	일본주의 단맛·드라이함 지표	にほんしゅど
酸度	산도	さんど
辛口	드라이한 맛	からくち
甘口	단맛이 강한 맛	あまくち
淡麗	가볍고 깔끔한 주질	たんれい
濃醇	진하고 풍부한 주질	のうじゅん
淡麗辛口	가볍고 드라이한 스타일	たんれいからくち
濃醇甘口	진하고 단 스타일	のうじゅんあまくち
銘柄	술의 브랜드·상표명	めいがら
酒蔵	양조장	さかぐら
蔵元	양조장·양조업자	くらもと
山廃	야마하이 방식	やまはい
生酛	전통 생모토 방식	きもと
速醸	속양 방식	そくじょう
おりがらみ	침전물을 조금 남긴 일본주	おりがらみ
うすにごり	살짝 탁한 일본주	うすにごり
直汲み	짜낸 술을 탱크를 거치지 않고 바로 받는 방식	じかぐみ
袋吊り	술주머니를 매달아 자연스럽게 떨어지는 술을 받는 방식	ふくろづり
斗瓶取り	도빙에 받아 선별한 고급 술	とびんどり
槽搾り	전통 압착조로 술을 짜는 방식	ふなしぼり
雫酒	압력을 거의 주지 않고 방울져 받은 술	しずくざけ
火入れ	가열 살균	ひいれ
一回火入れ	가열 살균을 한 번만 한 술	いっかいひいれ
限定醸造	한정 양조	げんていじょうぞう
別誂	별도 사양으로 특별히 빚은 제품	べつあつらえ
山田錦	대표적인 주조용 쌀 품종	やまだにしき
雄町	전통 주조용 쌀 품종	おまち
五百万石	대표적인 주조용 쌀 품종	ごひゃくまんごく
美山錦	주조용 쌀 품종	みやまにしき
愛山	주조용 쌀 품종	あいやま
出羽燦々	야마가타의 주조용 쌀 품종	でわさんさん
八反錦	히로시마계 주조용 쌀 품종	はったんにしき
獺祭	야마구치의 일본주 브랜드	だっさい
十四代	야마가타의 일본주 브랜드	じゅうよんだい
久保田	니가타의 일본주 브랜드	くぼた
八海山	니가타의 일본주 브랜드	はっかいさん
越乃寒梅	니가타의 일본주 브랜드	こしのかんばい
黒龍	후쿠이의 일본주 브랜드	こくりゅう
而今	미에의 일본주 브랜드	じこん
新政	아키타의 일본주 브랜드	あらまさ
田酒	아오모리의 일본주 브랜드	でんしゅ
飛露喜	후쿠시마의 일본주 브랜드	ひろき
鍋島	사가의 일본주 브랜드	なべしま
作	미에의 일본주 브랜드	ざく
写楽	후쿠시마의 일본주 브랜드	しゃらく
仙禽	도치기의 일본주 브랜드	せんきん
風の森	나라의 일본주 브랜드	かぜのもり
紀土	와카야마의 일본주 브랜드	きっど
東洋美人	야마구치의 일본주 브랜드	とうようびじん
赤武	이와테의 일본주 브랜드	あかぶ
寒菊	치바의 일본주 브랜드	かんきく
天美	야마구치의 일본주 브랜드	てんび
信州亀齢	나가노의 일본주 브랜드	しんしゅうきれい
光栄菊	사가의 일본주 브랜드	こうえいぎく
楽器正宗	후쿠시마의 일본주 브랜드	がっきまさむね
鳳凰美田	도치기의 일본주 브랜드	ほうおうびでん
醸し人九平次	아이치의 일본주 브랜드	かもしびとくへいじ
伯楽星	미야기의 일본주 브랜드	はくらくせい
男山	홋카이도의 일본주 브랜드	おとこやま
国稀	홋카이도의 일본주 브랜드	くにまれ
北の勝	홋카이도의 일본주 브랜드	きたのかつ
南部美人	이와테의 일본주 브랜드	なんぶびじん
陸奥八仙	아오모리의 일본주 브랜드	むつはっせん
豊盃	아오모리의 일본주 브랜드	ほうはい
浦霞	미야기의 일본주 브랜드	うらかすみ
一ノ蔵	미야기의 일본주 브랜드	いちのくら
日高見	미야기의 일본주 브랜드	ひたかみ
雪の茅舎	아키타의 일본주 브랜드	ゆきのぼうしゃ
山本	아키타의 일본주 브랜드	やまもと
高清水	아키타의 일본주 브랜드	たかしみず
出羽桜	야마가타의 일본주 브랜드	でわざくら
くどき上手	야마가타의 일본주 브랜드	くどきじょうず
上喜元	야마가타의 일본주 브랜드	じょうきげん
楯野川	야마가타의 일본주 브랜드	たてのかわ
会津中将	후쿠시마의 일본주 브랜드	あいづちゅうじょう
奈良萬	후쿠시마의 일본주 브랜드	ならまん
来福	이바라키의 일본주 브랜드	らいふく
水芭蕉	군마의 일본주 브랜드	みずばしょう
神亀	사이타마의 일본주 브랜드	しんかめ
澤乃井	도쿄의 일본주 브랜드	さわのい
天青	가나가와의 일본주 브랜드	てんせい
〆張鶴	니가타의 일본주 브랜드	しめはりつる
菊水	니가타의 일본주 브랜드	きくすい
麒麟山	니가타의 일본주 브랜드	きりんざん
鶴齢	니가타의 일본주 브랜드	かくれい
勝駒	도야마의 일본주 브랜드	かちこま
羽根屋	도야마의 일본주 브랜드	はねや
満寿泉	도야마의 일본주 브랜드	ますいずみ
天狗舞	이시카와의 일본주 브랜드	てんぐまい
菊姫	이시카와의 일본주 브랜드	きくひめ
手取川	이시카와의 일본주 브랜드	てどりがわ
宗玄	이시카와의 일본주 브랜드	そうげん
梵	후쿠이의 일본주 브랜드	ぼん
常山	후쿠이의 일본주 브랜드	じょうざん
九頭龍	후쿠이의 일본주 브랜드	くずりゅう
七賢	야마나시의 일본주 브랜드	しちけん
真澄	나가노의 일본주 브랜드	ますみ
大信州	나가노의 일본주 브랜드	だいしんしゅう
夜明け前	나가노의 일본주 브랜드	よあけまえ
小左衛門	기후의 일본주 브랜드	こざえもん
磯自慢	시즈오카의 일본주 브랜드	いそじまん
開運	시즈오카의 일본주 브랜드	かいうん
正雪	시즈오카의 일본주 브랜드	しょうせつ
蓬莱泉	아이치의 일본주 브랜드	ほうらいせん
瀧自慢	미에의 일본주 브랜드	たきじまん
松の司	시가의 일본주 브랜드	まつのつかさ
月桂冠	교토의 일본주 브랜드	げっけいかん
黄桜	교토의 일본주 브랜드	きざくら
玉乃光	교토의 일본주 브랜드	たまのひかり
澤屋まつもと	교토의 일본주 브랜드	さわやまつもと
秋鹿	오사카의 일본주 브랜드	あきしか
白鶴	효고의 일본주 브랜드	はくつる
菊正宗	효고의 일본주 브랜드	きくまさむね
剣菱	효고의 일본주 브랜드	けんびし
沢の鶴	효고의 일본주 브랜드	さわのつる
大関	효고의 일본주 브랜드	おおぜき
日本盛	효고의 일본주 브랜드	にほんさかり
白鹿	효고의 일본주 브랜드	はくしか
福寿	효고의 일본주 브랜드	ふくじゅ
春鹿	나라의 일본주 브랜드	はるしか
みむろ杉	나라의 일본주 브랜드	みむろすぎ
篠峯	나라의 일본주 브랜드	しのみね
黒牛	와카야마의 일본주 브랜드	くろうし
千代むすび	돗토리의 일본주 브랜드	ちよむすび
王祿	시마네의 일본주 브랜드	おうろく
李白	시마네의 일본주 브랜드	りはく
賀茂鶴	히로시마의 일본주 브랜드	かもつる
雨後の月	히로시마의 일본주 브랜드	うごのつき
宝剣	히로시마의 일본주 브랜드	ほうけん
龍勢	히로시마의 일본주 브랜드	りゅうせい
雁木	야마구치의 일본주 브랜드	がんぎ
貴	야마구치의 일본주 브랜드	たか
石鎚	에히메의 일본주 브랜드	いしづち
酔鯨	고치의 일본주 브랜드	すいげい
司牡丹	고치의 일본주 브랜드	つかさぼたん
土佐鶴	고치의 일본주 브랜드	とさづる
亀泉	고치의 일본주 브랜드	かめいずみ
庭のうぐいす	후쿠오카의 일본주 브랜드	にわのうぐいす
三井の寿	후쿠오카의 일본주 브랜드	みいのことぶき
七田	사가의 일본주 브랜드	しちだ
香露	구마모토의 일본주 브랜드	こうろ
西の関	오이타의 일본주 브랜드	にしのせき
焼酎	쇼추	しょうちゅう
芋焼酎	고구마 쇼추	いもじょうちゅう
麦焼酎	보리 쇼추	むぎじょうちゅう
米焼酎	쌀 쇼추	こめじょうちゅう
黒糖焼酎	흑당 쇼추	こくとうじょうちゅう
泡盛	오키나와 전통 증류주	あわもり
古酒泡盛	숙성 아와모리	クースあわもり
泡盛古酒	숙성 아와모리	あわもりクース
甲類焼酎	연속식 증류 쇼추	こうるいしょうちゅう
乙類焼酎	단식 증류 본격 쇼추	おつるいしょうちゅう
本格焼酎	단식 증류 전통 쇼추	ほんかくしょうちゅう
霧島	미야자키의 쇼추 브랜드	きりしま
黒霧島	고구마 쇼추 브랜드	くろきりしま
白霧島	고구마 쇼추 브랜드	しろきりしま
赤霧島	고구마 쇼추 브랜드	あかきりしま
茜霧島	고구마 쇼추 브랜드	あかねきりしま
魔王	고구마 쇼추 브랜드	まおう
森伊蔵	고구마 쇼추 브랜드	もりいぞう
村尾	고구마 쇼추 브랜드	むらお
佐藤	쇼추 브랜드	さとう
伊佐美	고구마 쇼추 브랜드	いさみ
富乃宝山	고구마 쇼추 브랜드	とみのほうざん
吉兆宝山	고구마 쇼추 브랜드	きっちょうほうざん
三岳	고구마 쇼추 브랜드	みたけ
赤兎馬	고구마 쇼추 브랜드	せきとば
薩摩白波	고구마 쇼추 브랜드	さつましらなみ
島美人	고구마 쇼추 브랜드	しまびじん
黒伊佐錦	고구마 쇼추 브랜드	くろいさにしき
だいやめ	고구마 쇼추 브랜드	だいやめ
いいちこ	보리 쇼추 브랜드	いいちこ
二階堂	보리 쇼추 브랜드	にかいどう
中々	보리 쇼추 브랜드	なかなか
百年の孤独	보리 쇼추 브랜드	ひゃくねんのこどく
兼八	보리 쇼추 브랜드	かねはち
山猿	보리 쇼추 브랜드	やまざる
鳥飼	쌀 쇼추 브랜드	とりかい
白岳しろ	쌀 쇼추 브랜드	はくたけしろ
れんと	흑당 쇼추 브랜드	れんと
里の曙	흑당 쇼추 브랜드	さとのあけぼの
鍛高譚	차조기 쇼추 브랜드	たんたかたん
残波	아와모리 브랜드	ざんぱ
菊之露	아와모리 브랜드	きくのつゆ
久米仙	아와모리 브랜드	くめせん
瑞泉	아와모리 브랜드	ずいせん
忠孝	아와모리 브랜드	ちゅうこう
八重泉	아와모리 브랜드	やえせん
請福	아와모리 브랜드	せいふく
泡波	아와모리 브랜드	あわなみ
前割り	쇼추를 미리 물과 섞어 숙성한 것	まえわり
茶割り	차에 타 마심	ちゃわり
緑茶ハイ	녹차 쇼추 칵테일	りょくちゃハイ
烏龍ハイ	우롱차 쇼추 칵테일	ウーロンハイ
ホッピー	저알코올 맥주풍 음료를 쇼추와 섞어 마시는 음료	ホッピー
山崎	산토리 일본 위스키 브랜드	やまざき
白州	산토리 일본 위스키 브랜드	はくしゅう
響	산토리 일본 위스키 브랜드	ひびき
知多	산토리 일본 위스키 브랜드	ちた
角瓶	산토리 위스키 브랜드	かくびん
余市	닛카 일본 위스키 브랜드	よいち
宮城峡	닛카 일본 위스키 브랜드	みやぎきょう
竹鶴	닛카 일본 위스키 브랜드	たけつる
富士	일본 위스키 브랜드	ふじ
碧	일본 블렌디드 위스키 브랜드	あお
一番搾り	기린 맥주 브랜드	いちばんしぼり
黒ラベル	삿포로 맥주 브랜드	くろラベル
ヱビス	에비스 맥주 브랜드	エビス
赤星	삿포로 라거 맥주의 통칭	あかぼし
お冷	식당에서 주는 찬물	おひや
冷水	찬물	れいすい
常温水	상온 물	じょうおんすい
白湯	끓였다 식힌 따뜻한 물	さゆ
お茶割り	차에 술을 타 마시는 것	おちゃわり
割り材	술에 섞는 음료	わりざい
ご当地サイダー	지역 사이다	ごとうちサイダー
ラムネ	라무네 탄산음료	ラムネ
クリームソーダ	아이스크림을 올린 소다	クリームソーダ
メロンソーダ	멜론향 소다	メロンソーダ
純喫茶	술을 팔지 않는 전통 카페 스타일	じゅんきっさ
モーニング	아침 시간대 음료와 함께 나오는 조식 세트	モーニング
小倉トースト	팥을 올린 나고야식 토스트	おぐらトースト
あんバター	팥과 버터 조합	あんバター
硬めプリン	단단한 식감의 푸딩	かためプリン
固めプリン	단단한 식감의 푸딩	かためプリン
今川焼き	팥 등을 넣은 원형 구움과자	いまがわやき
大判焼き	今川焼き의 지역 명칭	おおばんやき
回転焼き	今川焼き의 서일본계 명칭	かいてんやき
御座候	효고계 회전구이 상품명에서 일반명처럼 쓰이는 표현	ござそうろう
どら焼き	도라야키	どらやき
羊羹	양갱	ようかん
水羊羹	물양갱	みずようかん
葛切り	칡전분으로 만든 투명 면 디저트	くずきり
葛餅	칡전분 떡	くずもち
わらび餅	고사리전분 떡	わらびもち
信玄餅	야마나시의 콩가루 떡 과자	しんげんもち
八ツ橋	교토 명과 야쓰하시	やつはし
生八ツ橋	부드러운 생 야쓰하시	なまやつはし
赤福	미에 이세의 팥떡 명과	あかふく
萩の月	센다이의 커스터드 과자	はぎのつき
白い恋人	홋카이도의 초콜릿 샌드 쿠키	しろいこいびと
通りもん	후쿠오카의 흰앙금 만주 과자	とおりもん
じゃがポックル	홋카이도 감자 스낵	じゃがポックル
東京ばな奈	도쿄 바나나 모양 과자	とうきょうばなな
雷おこし	아사쿠사 전통 쌀과자	かみなりおこし
人形焼	팥 등을 넣은 인형 모양 구움과자	にんぎょうやき
草加煎餅	사이타마 소카의 단단한 간장 센베이	そうかせんべい
南部煎餅	도호쿠의 밀가루 전병	なんぶせんべい
笹団子	대나무잎에 싼 니가타 쑥떡	ささだんご
ちんすこう	오키나와 전통 과자	ちんすこう
サーターアンダギー	오키나와식 튀김 도넛	サーターアンダギー
紅芋タルト	오키나와 자색고구마 타르트	べにいもタルト
芋煮	토란과 고기를 끓인 야마가타 향토요리	いもに
せんべい汁	난부센베이를 국물에 끓인 아오모리 요리	せんべいじる
貝焼き味噌	가리비 껍데기에 된장과 달걀을 끓이는 아오모리 요리	かいやきみそ
いちご煮	성게와 전복을 넣은 아오모리 맑은국	いちごに
のっぺ	토란과 채소를 걸쭉하게 조린 니가타 향토요리	のっぺ
かぶら寿司	순무 사이에 방어 등을 끼워 발효한 호쿠리쿠 음식	かぶらずし
鱒寿司	송어를 얹어 누른 도야마 초밥	ますずし
朴葉味噌	후박나무 잎 위에서 된장을 구워 먹는 기후 요리	ほおばみそ
朴葉焼き	후박나무 잎 위에서 재료를 굽는 요리	ほおばやき
味噌煮込みうどん	된장국에 끓이는 나고야 우동	みそにこみうどん
どて焼き	소 힘줄 등을 된장으로 조린 간사이 요리	どてやき
串カツ	꼬치튀김	くしかつ
紅生姜天	붉은 생강 튀김	べにしょうがてん
明石焼き	육수에 찍어 먹는 아카시식 문어 달걀구이	あかしやき
ぼっかけ	소 힘줄과 곤약을 달게 조린 고베 음식	ぼっかけ
そばめし	야키소바와 밥을 함께 볶은 고베 음식	そばめし
柿の葉寿司	감잎에 싼 누름초밥	かきのはずし
めはり寿司	겨자잎 절임으로 밥을 감싼 와카야마 향토음식	めはりずし
宇和島鯛めし	생도미회와 양념을 밥에 얹는 에히메 요리	うわじまたいめし
鰹の藁焼き	짚불로 겉을 그을린 가다랑어	かつおのわらやき
じゃこ天	작은 생선을 뼈째 갈아 튀긴 에히메 어묵	じゃこてん
がめ煮	닭과 뿌리채소를 조린 후쿠오카 향토요리	がめに
筑前煮	닭과 뿌리채소를 조린 요리	ちくぜんに
ごまさば	생고등어를 참깨간장에 무친 후쿠오카 요리	ごまさば
水炊き	닭을 맑은 육수에 끓이는 전골	みずたき
鶏天	닭튀김 오이타 향토요리	とりてん
りゅうきゅう	생선회를 간장·참깨 양념에 버무린 오이타 요리	りゅうきゅう
冷や汁	차가운 된장 육수를 밥에 부어 먹는 미야자키 요리	ひやじる
チキン南蛮	닭튀김에 새콤달콤 소스와 타르타르를 곁들인 요리	チキンなんばん
地鶏炭火焼き	토종닭 숯불구이	じどりすみびやき
さつま汁	돼지고기와 채소를 된장에 끓인 가고시마 국	さつまじる
豚骨料理	돼지갈비 등을 된장·흑설탕·쇼추로 조린 가고시마 요리	とんこつりょうり
ラフテー	오키나와식 돼지 삼겹살 조림	ラフテー
ソーキ	돼지갈비	ソーキ
ソーキそば	돼지갈비를 올린 오키나와 소바	ソーキそば
沖縄そば	밀면과 돼지육수를 쓰는 오키나와 면요리	おきなわそば
てびち	오키나와식 돼지족 조림	てびち
ミミガー	돼지 귀 요리	ミミガー
豆腐よう	발효 두부 진미	とうふよう
ジーマーミ豆腐	땅콩으로 만든 오키나와식 두부	ジーマーミどうふ
人参しりしり	채 썬 당근을 달걀과 볶은 오키나와 요리	にんじんしりしり
ゴーヤーチャンプルー	여주 두부 볶음	ゴーヤーチャンプルー
フーチャンプルー	차麩를 넣은 오키나와 볶음	フーチャンプルー
中身汁	돼지 내장을 넣은 오키나와 국	なかみじる
参拝口	참배 입구	さんぱいぐち
参拝順路	참배 순로	さんぱいじゅんろ
参拝者専用	참배객 전용	さんぱいしゃせんよう
拝観受付	관람 접수	はいかんうけつけ
拝観料	사찰 관람료	はいかんりょう
拝観時間	사찰 관람 시간	はいかんじかん
拝観停止	관람 중지	はいかんていし
特別拝観	특별 공개 관람	とくべつはいかん
夜間拝観	야간 관람	やかんはいかん
御朱印	신사·사찰 참배 도장	ごしゅいん
御朱印帳	고슈인 수첩	ごしゅいんちょう
御朱印所	고슈인 받는 곳	ごしゅいんじょ
授与所	부적·기념품 수여소	じゅよしょ
社務所	신사 사무소	しゃむしょ
寺務所	사찰 사무소	じむしょ
本殿	신사의 중심 전각	ほんでん
拝殿	신사에서 참배하는 전각	はいでん
本堂	사찰의 중심 법당	ほんどう
金堂	사찰의 주요 법당	こんどう
五重塔	오층탑	ごじゅうのとう
三重塔	삼층탑	さんじゅうのとう
鐘楼	종루	しょうろう
山門	사찰의 정문	さんもん
楼門	2층 구조의 큰 문	ろうもん
手水舎	참배 전 손과 입을 씻는 곳	ちょうずや
手水鉢	참배 정화용 물그릇	ちょうずばち
賽銭箱	새전함	さいせんばこ
絵馬	소원을 적는 나무판	えま
おみくじ	운세 제비	おみくじ
結び所	오미쿠지를 묶는 곳	むすびどころ
お守り	부적	おまもり
厄除け	액막이	やくよけ
縁結び	인연 맺기, 연애운 기원	えんむすび
学業成就	학업 성취 기원	がくぎょうじょうじゅ
商売繁盛	장사 번창 기원	しょうばいはんじょう
交通安全	교통안전 기원	こうつうあんぜん
家内安全	가정 평안 기원	かないあんぜん
無病息災	무병장수·건강 기원	むびょうそくさい
御神木	신성한 나무	ごしんぼく
境内案内図	경내 안내도	けいだいあんないず
文化財	문화재	ぶんかざい
重要文化財	중요문화재	じゅうようぶんかざい
国宝	국보	こくほう
史跡	사적	しせき
名勝	명승	めいしょう
枯山水	돌과 모래 중심의 일본식 정원	かれさんすい
特別展示	특별 전시	とくべつてんじ
常設展示	상설 전시	じょうせつてんじ
企画展示	기획 전시	きかくてんじ
企画展	기획전	きかくてん
特別展	특별전	とくべつてん
展示室	전시실	てんじしつ
収蔵庫	수장고	しゅうぞうこ
音声ガイド	오디오 가이드	おんせいガイド
館内案内図	관내 안내도	かんないあんないず
順路	관람 순로	じゅんろ
順路入口	관람 순로 입구	じゅんろいりぐち
順路出口	관람 순로 출구	じゅんろでぐち
再入場可	재입장 가능	さいにゅうじょうか
再入場不可	재입장 불가	さいにゅうじょうふか
再入場口	재입장 입구	さいにゅうじょうぐち
最終入場	마지막 입장	さいしゅうにゅうじょう
入館締切	입관 마감	にゅうかんしめきり
入場無料	입장 무료	にゅうじょうむりょう
入館無料	입관 무료	にゅうかんむりょう
観覧無料	관람 무료	かんらんむりょう
撮影可	촬영 가능	さつえいか
写真撮影可	사진 촬영 가능	しゃしんさつえいか
写真撮影禁止	사진 촬영 금지	しゃしんさつえいきんし
動画撮影禁止	동영상 촬영 금지	どうがさつえいきんし
フラッシュ禁止	플래시 금지	フラッシュきんし
三脚禁止	삼각대 금지	さんきゃくきんし
飲食禁止	음식물 섭취 금지	いんしょくきんし
手を触れないでください	손대지 마세요	てをふれないでください
展示品に触れないでください	전시품에 손대지 마세요	てんじひんにふれないでください
静かにご覧ください	조용히 관람해 주세요	しずかにごらんください
試着可	착용 가능	しちゃくか
試着不可	착용 불가	しちゃくふか
試着室	탈의실	しちゃくしつ
試着品	착용 견본품	しちゃくひん
展示品	전시품	てんじひん
現品限り	진열된 현품만 남음	げんぴんかぎり
在庫限り	재고 소진 시 종료	ざいこかぎり
在庫あり	재고 있음	ざいこあり
在庫なし	재고 없음	ざいこなし
在庫確認	재고 확인	ざいこかくにん
取り寄せ	주문 조달	とりよせ
お取り寄せ	주문 조달	おとりよせ
取り置き	상품 보관 예약	とりおき
お取り置き	상품 보관 예약	おとりおき
レジ袋有料	비닐봉투 유료	レジぶくろゆうりょう
袋不要	봉투 불필요	ふくろふよう
簡易包装	간이 포장	かんいほうそう
包装無料	포장 무료	ほうそうむりょう
包装有料	포장 유료	ほうそうゆうりょう
のし対応	노시 선물 포장 대응	のしたいおう
消費期限	안전상 소비 기한	しょうひきげん
保存方法	보관 방법	ほぞんほうほう
直射日光を避ける	직사광선을 피하다	ちょくしゃにっこうをさける
開封後要冷蔵	개봉 후 냉장 필요	かいふうごようれいぞう
開封後お早めに	개봉 후 빨리 드세요	かいふうごおはやめに
原材料名	원재료명	げんざいりょうめい
栄養成分表示	영양성분 표시	えいようせいぶんひょうじ
アレルゲン	알레르기 유발 물질	アレルゲン
特定原材料	법정 표시 대상 특정 알레르기 원재료	とくていげんざいりょう
本品製造工場では	본 제품 제조공장에서는	ほんぴんせいぞうこうじょうでは
同一ライン	동일 생산 라인	どういつライン
混入する可能性	혼입될 가능성	こんにゅうするかのうせい
卵不使用	달걀 미사용	たまごふしよう
乳不使用	유제품 미사용	にゅうふしよう
小麦不使用	밀 미사용	こむぎふしよう
そばを含む	메밀 함유	そばをふくむ
落花生を含む	땅콩 함유	らっかせいをふくむ
海老を含む	새우 함유	えびをふくむ
蟹を含む	게 함유	かにをふくむ
酒精	식품용 주정	しゅせい
洋酒使用	양주 사용	ようしゅしよう
アルコール分	알코올 함량	アルコールぶん
加熱済み	가열 완료	かねつずみ
加熱不十分	가열 불충분	かねつふじゅうぶん
中心部まで加熱	중심부까지 가열	ちゅうしんぶまでかねつ
生食はお控えください	날것 섭취를 삼가 주세요	なましょくはおひかえください
電子レンジ専用	전자레인지 전용	でんしレンジせんよう
レンジ加熱	전자레인지 가열	レンジかねつ
湯煎	봉지째 뜨거운 물에 데움	ゆせん
自然解凍	자연 해동	しぜんかいとう
要解凍	해동 필요	ようかいとう
解凍後再冷凍不可	해동 후 재냉동 불가	かいとうごさいれいとうふか
セルフレジ	셀프 계산대	セルフレジ
有人レジ	직원 계산대	ゆうじんレジ
お会計はこちら	계산은 이쪽	おかいけいはこちら
会計後	계산 후	かいけいご
会計前	계산 전	かいけいまえ
購入者限定	구매자 한정	こうにゅうしゃげんてい
お一人様一点限り	1인 1개 한정	おひとりさまいってんかぎり
お一人様二点まで	1인 2개까지	おひとりさまにてんまで
お一人様一回限り	1인 1회 한정	おひとりさまいっかいかぎり
国内線	국내선	こくないせん
国際線	국제선	こくさいせん
出発ロビー	출발 로비	しゅっぱつロビー
到着ロビー	도착 로비	とうちゃくロビー
出発口	출발구	しゅっぱつぐち
到着口	도착구	とうちゃくぐち
搭乗口	탑승구	とうじょうぐち
搭乗ゲート	탑승 게이트	とうじょうゲート
搭乗手続き	탑승 수속	とうじょうてつづき
チェックインカウンター	체크인 카운터	チェックインカウンター
自動チェックイン機	자동 체크인 기기	じどうチェックインき
手荷物預け入れ	위탁 수하물 접수	てにもつあずけいれ
手荷物受取所	수하물 수취대	てにもつうけとりじょ
手荷物引換証	수하물 인환증	てにもつひきかえしょう
受託手荷物	위탁 수하물	じゅたくてにもつ
機内持込手荷物	기내 반입 수하물	きないもちこみてにもつ
手荷物検査	수하물 검사	てにもつけんさ
保安検査場	보안 검색장	ほあんけんさじょう
保安検査締切	보안검색 마감	ほあんけんさしめきり
出国審査	출국 심사	しゅっこくしんさ
入国審査	입국 심사	にゅうこくしんさ
税関	세관	ぜいかん
税関検査	세관 검사	ぜいかんけんさ
申告あり	신고 있음	しんこくあり
申告なし	신고 없음	しんこくなし
検疫	검역	けんえき
検疫所	검역소	けんえきじょ
動植物検疫	동식물 검역	どうしょくぶつけんえき
免税店	면세점	めんぜいてん
出発便	출발편	しゅっぱつびん
到着便	도착편	とうちゃくびん
便名	편명	びんめい
搭乗開始	탑승 시작	とうじょうかいし
搭乗締切	탑승 마감	とうじょうしめきり
搭乗終了	탑승 종료	とうじょうしゅうりょう
搭乗案内	탑승 안내	とうじょうあんない
優先搭乗	우선 탑승	ゆうせんとうじょう
最終搭乗案内	최종 탑승 안내	さいしゅうとうじょうあんない
定刻	정시	ていこく
定刻通り	정시대로	ていこくどおり
遅延便	지연편	ちえんびん
欠航	결항	けっこう
欠航便	결항편	けっこうびん
運航状況	운항 상황	うんこうじょうきょう
運航情報	운항 정보	うんこうじょうほう
天候調査中	기상 조사 중	てんこうちょうさちゅう
条件付き運航	조건부 운항	じょうけんつきうんこう
到着地変更	도착지 변경	とうちゃくちへんこう
引き返し	회항	ひきかえし
目的地変更	목적지 변경	もくてきちへんこう
遅延証明書	지연 증명서	ちえんしょうめいしょ
搭乗券	탑승권	とうじょうけん
電子搭乗券	전자 탑승권	でんしとうじょうけん
座席番号	좌석 번호	ざせきばんごう
非常口座席	비상구 좌석	ひじょうぐちざせき
通路側	통로 쪽	つうろがわ
乗継	환승	のりつぎ
乗継便	연결편	のりつぎびん
乗継案内	환승 안내	のりつぎあんない
乗継カウンター	환승 카운터	のりつぎカウンター
乗継時間	환승 시간	のりつぎじかん
国際線乗継	국제선 환승	こくさいせんのりつぎ
国内線乗継	국내선 환승	こくないせんのりつぎ
到着後	도착 후	とうちゃくご
出発前	출발 전	しゅっぱつまえ
搭乗橋	탑승교	とうじょうきょう
沖止め	버스로 이동해 탑승하는 원격 주기	おきどめ
連絡バス	연락 버스	れんらくバス
空港連絡バス	공항 리무진 버스	くうこうれんらくバス
リムジンバス	리무진 버스	リムジンバス
空港快速	공항 쾌속	くうこうかいそく
空港線	공항선	くうこうせん
空港第1ターミナル	공항 제1터미널	くうこうだいいちターミナル
空港第2ターミナル	공항 제2터미널	くうこうだいにターミナル
旅客ターミナル	여객 터미널	りょかくターミナル
国内線ターミナル	국내선 터미널	こくないせんターミナル
国際線ターミナル	국제선 터미널	こくさいせんターミナル
ターミナル間連絡バス	터미널 간 연락 버스	ターミナルかんれんらくバス
送迎デッキ	전망·배웅 데크	そうげいデッキ
送迎車乗降場	송영 차량 승하차장	そうげいしゃじょうこうじょう
フェリー	페리	フェリー
旅客船	여객선	りょかくせん
高速船	고속선	こうそくせん
連絡船	연락선	れんらくせん
遊覧船	유람선	ゆうらんせん
観光船	관광선	かんこうせん
乗船券	승선권	じょうせんけん
乗船口	승선구	じょうせんぐち
乗船場	승선장	じょうせんじょう
乗船手続き	승선 수속	じょうせんてつづき
乗船開始	승선 시작	じょうせんかいし
乗船締切	승선 마감	じょうせんしめきり
出港	출항	しゅっこう
入港	입항	にゅうこう
寄港	기항	きこう
港湾	항만	こうわん
船着場	선착장	ふなつきば
岸壁	부두 안벽	がんぺき
車両航送	차량 선적 수송	しゃりょうこうそう
車両甲板	차량 갑판	しゃりょうこうはん
徒歩乗船	도보 승선	とほじょうせん
車両乗船	차량 승선	しゃりょうじょうせん
船内売店	선내 매점	せんないばいてん
船内休憩室	선내 휴게실	せんないきゅうけいしつ
船酔い	배멀미	ふなよい
欠航のお知らせ	결항 안내	けっこうのおしらせ
強風のため欠航	강풍으로 결항	きょうふうのためけっこう
高波のため欠航	높은 파도로 결항	たかなみのためけっこう
レンタカー受付	렌터카 접수	レンタカーうけつけ
貸渡契約	렌터카 대여 계약	かしわたしけいやく
国際運転免許証	국제운전면허증	こくさいうんてんめんきょしょう
免責補償	면책 보상	めんせきほしょう
免責補償制度	면책 보상 제도	めんせきほしょうせいど
ノンオペレーションチャージ	휴차 보상료	ノンオペレーションチャージ
対人補償	대인 보상	たいじんほしょう
対物補償	대물 보상	たいぶつほしょう
車両補償	차량 보상	しゃりょうほしょう
乗車定員	승차 정원	じょうしゃていいん
禁煙車	금연차	きんえんしゃ
喫煙車	흡연차	きつえんしゃ
返却店舗	반납 점포	へんきゃくてんぽ
乗り捨て	편도 반납	のりすて
乗り捨て料金	편도 반납 요금	のりすてりょうきん
満タン返し	가득 주유해 반납	まんたんがえし
燃料満タン	연료 가득	ねんりょうまんたん
給油	주유	きゅうゆ
給油口	주유구	きゅうゆぐち
給油所	주유소	きゅうゆじょ
セルフ給油	셀프 주유	セルフきゅうゆ
軽油	경유	けいゆ
ハイオク	고급 휘발유	ハイオク
満タン	가득 채움	まんたん
現金会員価格	현금 회원가	げんきんかいいんかかく
会員価格	회원가	かいいんかかく
一般価格	일반가	いっぱんかかく
洗車	세차	せんしゃ
洗車機	자동 세차기	せんしゃき
高速入口	고속도로 진입구	こうそくいりぐち
高速出口	고속도로 출구	こうそくでぐち
料金所	요금소	りょうきんじょ
ETC専用	ETC 전용	イーティーシーせんよう
ETCレーン	ETC 차로	イーティーシーレーン
一般レーン	일반 차로	いっぱんレーン
スマートIC	스마트 인터체인지	スマートインターチェンジ
インターチェンジ	인터체인지	インターチェンジ
ジャンクション	분기점	ジャンクション
パーキングエリア	간이 휴게소	パーキングエリア
道の駅	도로 휴게소	みちのえき
渋滞中	정체 중	じゅうたいちゅう
事故渋滞	사고 정체	じこじゅうたい
工事渋滞	공사 정체	こうじじゅうたい
通行規制	통행 규제	つうこうきせい
車線規制	차선 규제	しゃせんきせい
片側交互通行	한쪽씩 교대 통행	かたがわこうごつうこう
冬用タイヤ規制	겨울용 타이어 규제	ふゆようタイヤきせい
チェーン規制	체인 규제	チェーンきせい
冬季通行止め	동절기 통행 금지	とうきつうこうどめ
速度規制	속도 규제	そくどきせい
路肩	갓길	ろかた
追越車線	추월 차선	おいこししゃせん
走行車線	주행 차선	そうこうしゃせん
合流注意	합류 주의	ごうりゅうちゅうい
落下物注意	낙하물 주의	らっかぶつちゅうい
コインランドリー	코인 세탁소	コインランドリー
乾燥機	건조기	かんそうき
洗濯乾燥機	세탁건조기	せんたくかんそうき
洗剤自動投入	세제 자동 투입	せんざいじどうとうにゅう
洗剤不要	세제 불필요	せんざいふよう
洗剤販売中	세제 판매 중	せんざいはんばいちゅう
使用時間	사용 시간	しようじかん
乾燥のみ	건조만	かんそうのみ
洗濯のみ	세탁만	せんたくのみ
洗濯から乾燥まで	세탁부터 건조까지	せんたくからかんそうまで
運転中	작동 중	うんてんちゅう
終了まで	종료까지	しゅうりょうまで
取り忘れ注意	세탁물 두고 가지 않도록 주의	とりわすれちゅうい
忘れ物保管箱	분실 세탁물 보관함	わすれものほかんばこ
化粧室	화장실	けしょうしつ
男子トイレ	남자 화장실	だんしトイレ
女子トイレ	여자 화장실	じょしトイレ
多目的トイレ	다목적 화장실	たもくてきトイレ
多機能トイレ	다기능 화장실	たきのうトイレ
オストメイト対応	장루 이용자 대응	オストメイトたいおう
車椅子対応	휠체어 이용 가능	くるまいすたいおう
ベビーシート	아기 기저귀 교환대	ベビーシート
ベビーチェア	유아용 의자	ベビーチェア
おむつ交換台	기저귀 교환대	おむつこうかんだい
授乳室	수유실	じゅにゅうしつ
授乳コーナー	수유 코너	じゅにゅうコーナー
調乳用温水器	분유용 온수기	ちょうにゅうようおんすいき
ミルク用お湯	분유용 뜨거운 물	ミルクようおゆ
ベビールーム	베이비룸	ベビールーム
休憩所	휴게소	きゅうけいじょ
休憩室	휴게실	きゅうけいしつ
休憩スペース	휴게 공간	きゅうけいスペース
無料休憩所	무료 휴게소	むりょうきゅうけいじょ
待合所	대기 장소	まちあいじょ
充電スポット	충전 장소	じゅうでんスポット
充電コーナー	충전 코너	じゅうでんコーナー
携帯充電器	휴대전화 충전기	けいたいじゅうでんき
モバイルバッテリー貸出	보조배터리 대여	モバイルバッテリーかしだし
無料Wi-Fi	무료 와이파이	むりょうワイファイ
公衆無線LAN	공공 와이파이	こうしゅうむせんラン
接続方法	접속 방법	せつぞくほうほう
パスワード不要	비밀번호 불필요	パスワードふよう
飲料自販機	음료 자판기	いんりょうじはんき
給水機	급수기	きゅうすいき
給水スポット	급수 장소	きゅうすいスポット
冷水機	냉수기	れいすいき
ゴミ箱	쓰레기통	ゴミばこ
可燃ごみ	가연 쓰레기	かねんごみ
不燃ごみ	불연 쓰레기	ふねんごみ
資源ごみ	재활용 쓰레기	しげんごみ
びん	병류	びん
かん	캔류	かん
ペットボトル	페트병	ペットボトル
容器包装プラスチック	용기 포장 플라스틱	ようきほうそうプラスチック
ごみ持ち帰り	쓰레기 되가져가기	ごみもちかえり
ごみ捨て禁止	쓰레기 투기 금지	ごみすてきんし
調剤薬局	조제약국	ちょうざいやっきょく
処方箋受付	처방전 접수	しょほうせんうけつけ
処方箋受付中	처방전 접수 중	しょほうせんうけつけちゅう
薬剤師不在	약사 부재	やくざいしふざい
要指導医薬品	약사 대면 설명이 필요한 의약품	ようしどういやくひん
第一類医薬品	제1류 일반의약품	だいいちるいいやくひん
第二類医薬品	제2류 일반의약품	だいにるいいやくひん
第三類医薬品	제3류 일반의약품	だいさんるいいやくひん
指定第二類医薬品	지정 제2류 일반의약품	していだいにるいいやくひん
用法用量	용법 용량	ようほうようりょう
効能効果	효능 효과	こうのうこうか
使用上の注意	사용상 주의	しようじょうのちゅうい
服用量	복용량	ふくようりょう
食前	식전	しょくぜん
食間	식간	しょっかん
就寝前	취침 전	しゅうしんまえ
一日三回	하루 3회	いちにちさんかい
頓服	필요할 때만 복용	とんぷく
外用薬	외용약	がいようやく
内服薬	내복약	ないふくやく
塗り薬	바르는 약	ぬりぐすり
貼り薬	붙이는 약	はりぐすり
目薬	안약	めぐすり
点眼薬	점안약	てんがんやく
胃腸薬	위장약	いちょうやく
整腸薬	정장제	せいちょうやく
解熱鎮痛薬	해열진통제	げねつちんつうやく
かぜ薬	감기약	かぜぐすり
鼻炎薬	비염약	びえんやく
酔い止め	멀미약	よいどめ
乗り物酔い	교통수단 멀미	のりものよい
絆創膏	반창고	ばんそうこう
消毒液	소독액	しょうどくえき
虫除け	벌레 기피제	むしよけ
虫刺され	벌레 물림	むしさされ
救急外来	응급 외래	きゅうきゅうがいらい
救急受付	응급 접수	きゅうきゅううけつけ
休日診療	휴일 진료	きゅうじつしんりょう
夜間診療	야간 진료	やかんしんりょう
休日夜間診療	휴일 야간 진료	きゅうじつやかんしんりょう
診療所	진료소	しんりょうじょ
クリニック	클리닉	クリニック
受付時間	접수 시간	うけつけじかん
診療時間	진료 시간	しんりょうじかん
休診日	휴진일	きゅうしんび
初診	초진	しょしん
再診	재진	さいしん
マイナ保険証	마이넘버 연계 보험증	マイナほけんしょう
保険適用	보험 적용	ほけんてきよう
保険適用外	보험 적용 외	ほけんてきようがい
自費診療	비보험 진료	じひしんりょう
発熱外来	발열 외래	はつねつがいらい
耳鼻咽喉科	이비인후과	じびいんこうか
皮膚科	피부과	ひふか
整形外科	정형외과	せいけいげか
婦人科	부인과	ふじんか
遺失物	유실물	いしつぶつ
遺失物取扱所	유실물 취급소	いしつぶつとりあつかいじょ
忘れ物センター	분실물 센터	わすれものセンター
拾得物	습득물	しゅうとくぶつ
拾得物取扱所	습득물 취급소	しゅうとくぶつとりあつかいじょ
紛失届	분실 신고	ふんしつとどけ
遺失届	유실 신고	いしつとどけ
盗難届	도난 신고	とうなんとどけ
被害届	피해 신고	ひがいとどけ
防犯カメラ作動中	방범 카메라 작동 중	ぼうはんカメラさどうちゅう
防犯上の理由	방범상의 이유	ぼうはんじょうのりゆう
緊急通報	긴급 신고	きんきゅうつうほう
非常時	비상시	ひじょうじ
災害時	재해 시	さいがいじ
緊急時	긴급 시	きんきゅうじ
避難指示	대피 지시	ひなんしじ
緊急安全確保	긴급 안전 확보	きんきゅうあんぜんかくほ
高齢者等避難	고령자 등 대피	こうれいしゃとうひなん
避難情報	대피 정보	ひなんじょうほう
避難誘導	대피 유도	ひなんゆうどう
一時避難場所	일시 대피 장소	いちじひなんばしょ
指定避難所	지정 대피소	していひなんじょ
指定緊急避難場所	지정 긴급 대피 장소	していきんきゅうひなんばしょ
津波	쓰나미	つなみ
津波注意報	쓰나미 주의보	つなみちゅういほう
津波警報	쓰나미 경보	つなみけいほう
大津波警報	대형 쓰나미 경보	おおつなみけいほう
津波避難場所	쓰나미 대피 장소	つなみひなんばしょ
津波避難ビル	쓰나미 대피 빌딩	つなみひなんビル
津波浸水想定区域	쓰나미 침수 예상 구역	つなみしんすいそうていくいき
高潮	폭풍해일	たかしお
高潮注意報	폭풍해일 주의보	たかしおちゅういほう
洪水警報	홍수 경보	こうずいけいほう
浸水	침수	しんすい
浸水注意	침수 주의	しんすいちゅうい
冠水	도로 등 물에 잠김	かんすい
冠水注意	침수 도로 주의	かんすいちゅうい
土砂災害	토사 재해	どしゃさいがい
土砂災害警戒区域	토사 재해 경계 구역	どしゃさいがいけいかいくいき
土石流	토석류	どせきりゅう
がけ崩れ	절벽 붕괴	がけくずれ
落石	낙석	らくせき
落石注意	낙석 주의	らくせきちゅうい
雪崩注意	눈사태 주의	なだれちゅうい
噴火警戒レベル	분화 경계 레벨	ふんかけいかいレベル
火山活動	화산 활동	かざんかつどう
立入規制	출입 규제	たちいりきせい
規制区域	규제 구역	きせいくいき
危険区域	위험 구역	きけんくいき
立入禁止区域	출입 금지 구역	たちいりきんしくいき
熊出没注意	곰 출몰 주의	くましゅつぼつちゅうい
熊出没情報	곰 출몰 정보	くましゅつぼつじょうほう
熊鈴	곰 방울	くますず
蜂に注意	벌 주의	はちにちゅうい
毒蛇注意	독사 주의	どくへびちゅうい
野生動物に注意	야생동물 주의	やせいどうぶつにちゅうい
登山口	등산로 입구	とざんぐち
登山道	등산로	とざんどう
登山届	등산 신고서	とざんとどけ
登山届提出所	등산 신고서 제출소	とざんとどけていしゅつじょ
入山届	입산 신고서	にゅうざんとどけ
入山規制	입산 규제	にゅうざんきせい
入山禁止	입산 금지	にゅうざんきんし
登山禁止	등산 금지	とざんきんし
遊歩道	산책로	ゆうほどう
自然歩道	자연 탐방로	しぜんほどう
散策路	산책길	さんさくろ
木道	목재 탐방로	もくどう
登山道入口	등산로 입구	とざんどういりぐち
登山道出口	등산로 출구	とざんどうでぐち
山頂駅	산 정상역	さんちょうえき
山麓駅	산기슭역	さんろくえき
標高	해발 고도	ひょうこう
避難小屋	대피 산장	ひなんごや
休憩舎	휴게 쉼터	きゅうけいしゃ
展望台	전망대	てんぼうだい
展望所	전망 장소	てんぼうじょ
見晴台	전망대	みはらしだい
分岐点	갈림길	ぶんきてん
分岐	갈림길	ぶんき
迂回路	우회로	うかいろ
迂回してください	우회해 주세요	うかいしてください
足場注意	발 디딜 곳 주의	あしばちゅうい
滑落注意	추락 주의	かつらくちゅうい
転落注意	추락 주의	てんらくちゅうい
急斜面	급경사면	きゅうしゃめん
急坂	가파른 비탈	きゅうはん
鎖場	쇠사슬을 잡고 오르는 구간	くさりば
梯子場	사다리 구간	はしごば
沢沿い	계곡을 따라가는 길	さわぞい
増水注意	물 불어남 주의	ぞうすいちゅうい
渡渉	계곡물을 건넘	としょう
冬季閉鎖	겨울철 폐쇄	とうきへいさ
冬季休業	겨울철 휴업	とうききゅうぎょう
積雪期	적설기	せきせつき
凍結注意	결빙 주의	とうけつちゅうい
路面凍結	노면 결빙	ろめんとうけつ
通行困難	통행 곤란	つうこうこんなん
携帯電話圏外	휴대전화 통신권 밖	けいたいでんわけんがい
電波不通	전파 불통	でんぱふつう
水場	물을 구할 수 있는 곳	みずば
飲用不可	식수로 사용 불가	いんようふか
飲用可	식수 가능	いんようか
湧水	용천수	ゆうすい
名水	유명한 샘물	めいすい
キャンプ場	캠핑장	キャンプじょう
野営場	야영장	やえいじょう
テントサイト	텐트 사이트	テントサイト
炊事場	취사장	すいじば
直火禁止	직접 불 피우기 금지	じかびきんし
焚き火禁止	모닥불 금지	たきびきんし
焚き火可	모닥불 가능	たきびか
遊泳場	수영장·해수욕 구역	ゆうえいじょう
海水浴場	해수욕장	かいすいよくじょう
遊泳区域	수영 가능 구역	ゆうえいくいき
遊泳注意	수영 주의	ゆうえいちゅうい
監視区域	감시 구역	かんしくいき
監視員	안전 감시원	かんしいん
監視員不在	감시원 부재	かんしいんふざい
ライフセーバー	인명 구조요원	ライフセーバー
海の家	해수욕장 편의시설	うみのいえ
更衣室	탈의실	こういしつ
シャワー室	샤워실	シャワーしつ
足洗い場	발 씻는 곳	あしあらいば
離岸流	이안류	りがんりゅう
離岸流注意	이안류 주의	りがんりゅうちゅうい
高波注意	높은 파도 주의	たかなみちゅうい
波浪注意報	풍랑 주의보	はろうちゅういほう
強風注意報	강풍 주의보	きょうふうちゅういほう
クラゲ注意	해파리 주의	クラゲちゅうい
毒クラゲ注意	독해파리 주의	どくクラゲちゅうい
サメ注意	상어 주의	サメちゅうい
立入禁止柵	출입 금지 울타리	たちいりきんしさく
磯遊び	갯바위 놀이	いそあそび
磯場	갯바위 지대	いそば
満潮	만조	まんちょう
干潮	간조	かんちょう
潮位	조위	ちょうい
潮見表	조석표	しおみひょう
ゲレンデ	스키 슬로프	ゲレンデ
リフト券	리프트권	リフトけん
一日券	1일권	いちにちけん
半日券	반일권	はんにちけん
ゴンドラ券	곤돌라권	ゴンドラけん
ゴンドラ	곤돌라	ゴンドラ
リフト乗り場	리프트 타는 곳	リフトのりば
リフト降り場	리프트 내리는 곳	リフトおりば
運行中	운행 중	うんこうちゅう
強風のため運休	강풍으로 운휴	きょうふうのためうんきゅう
点検のため運休	점검으로 운휴	てんけんのためうんきゅう
初級者コース	초급자 코스	しょきゅうしゃコース
中級者コース	중급자 코스	ちゅうきゅうしゃコース
上級者コース	상급자 코스	じょうきゅうしゃコース
初心者コース	초보자 코스	しょしんしゃコース
非圧雪	비압설	ひあっせつ
圧雪	압설	あっせつ
圧雪車	설상 정설차	あっせつしゃ
未圧雪	미압설	みあっせつ
滑走可	활주 가능	かっそうか
滑走禁止	활주 금지	かっそうきんし
コース閉鎖	코스 폐쇄	コースへいさ
コース規制	코스 규제	コースきせい
コース外滑走禁止	코스 밖 활주 금지	コースがいかっそうきんし
立入禁止コース	진입 금지 코스	たちいりきんしコース
雪崩危険箇所	눈사태 위험 지점	なだれきけんかしょ
積雪量	적설량	せきせつりょう
新雪	신설, 새로 내린 눈	しんせつ
降雪	강설	こうせつ
視界不良	시야 불량	しかいふりょう
レンタル受付	대여 접수	レンタルうけつけ
レンタル返却	대여품 반납	レンタルへんきゃく
スキー板	스키 판	スキーいた
スノーボード	스노보드	スノーボード
スキーブーツ	스키 부츠	スキーブーツ
スノーブーツ	스노부츠	スノーブーツ
ヘルメット	헬멧	ヘルメット
ウェア上下	스키복 상하의	ウェアじょうげ
更衣ロッカー	탈의 로커	こういロッカー
宅配便	택배	たくはいびん
宅急便	택배 서비스 상품명으로 널리 쓰는 표현	たっきゅうびん
荷物発送	짐 발송	にもつはっそう
荷物受取	짐 수령	にもつうけとり
発送受付	발송 접수	はっそううけつけ
発送伝票	배송 전표	はっそうでんぴょう
送り状	송장	おくりじょう
着払い	착불	ちゃくばらい
元払い	선불 배송	もとばらい
クール便	냉장·냉동 택배	クールびん
冷蔵便	냉장 택배	れいぞうびん
冷凍便	냉동 택배	れいとうびん
コンビニ受取	편의점 수령	コンビニうけとり
店舗受取	점포 수령	てんぽうけとり
店内調理	매장 내 조리	てんないちょうり
店内厨房	매장 내 주방	てんないちゅうぼう
できたて	갓 만든 것	できたて
揚げたて	갓 튀긴 것	あげたて
温め時間	데우는 시간	あたためじかん
加熱時間	가열 시간	かねつじかん
温め不要	데우기 불필요	あたためふよう
箸不要	젓가락 불필요	はしふよう
スプーン不要	숟가락 불필요	スプーンふよう
フォーク不要	포크 불필요	フォークふよう
割り箸	일회용 나무젓가락	わりばし
おしぼり	물수건	おしぼり
ストロー不要	빨대 불필요	ストローふよう
引換対象商品	교환 대상 상품	ひきかえたいしょうしょうひん
無料引換券	무료 교환권	むりょうひきかえけん
応募券	응모권	おうぼけん
レシートクーポン	영수증 쿠폰	レシートクーポン
レシート不要	영수증 불필요	レシートふよう
領収書発行	영수증 발행	りょうしゅうしょはっこう
公共料金支払い	공공요금 납부	こうきょうりょうきんしはらい
収納代行	편의점 요금 수납 대행	しゅうのうだいこう
各種料金支払い	각종 요금 납부	かくしゅりょうきんしはらい
チケット発券	티켓 발권	チケットはっけん
マルチコピー機	멀티 복합기	マルチコピーき
写真プリント	사진 인화	しゃしんプリント
ネットプリント	온라인 인쇄	ネットプリント
